-- ============================================================
-- Brushia ERP — Seed Data
-- Default tenant, admin user, categories, real products
-- Password: admin123 (bcrypt hash)
-- ============================================================

-- Fix: remove problematic UNIQUE constraint and replace
ALTER TABLE inventory.stock_levels DROP CONSTRAINT IF EXISTS stock_levels_tenant_id_product_id_coalesce_warehouse_id_key;

-- Tenant
INSERT INTO iam.tenants (id, name, slug, email, phone, city, governorate, legal_name)
VALUES ('a0000000-0000-0000-0000-000000000001', 'Brushia', 'brushia', 'info@brushia.net', '+201000000000', 'Cairo', 'Cairo', 'Brushia for Cosmetics')
ON CONFLICT (slug) DO NOTHING;

-- Admin user (password: admin123)
INSERT INTO iam.users (id, tenant_id, email, password_hash, first_name, last_name, display_name, is_owner, status)
VALUES ('b0000000-0000-0000-0000-000000000001', 'a0000000-0000-0000-0000-000000000001',
  'admin@brushia.net',
  '$2b$12$LJ3m4ys3GZfHOxkqOgFCxOQDPe.sYBMdBN6Q.pXkfkGtJCFYJxwPe',
  'Mohamed', 'Admin', 'Mohamed Admin', true, 'active')
ON CONFLICT (tenant_id, email) DO NOTHING;

-- Admin role
INSERT INTO iam.roles (id, tenant_id, name, description, is_system, permissions)
VALUES ('c0000000-0000-0000-0000-000000000001', 'a0000000-0000-0000-0000-000000000001',
  'Super Admin', 'Full system access', true,
  '["*"]')
ON CONFLICT (tenant_id, name) DO NOTHING;

-- Assign role
INSERT INTO iam.user_roles (user_id, role_id)
VALUES ('b0000000-0000-0000-0000-000000000001', 'c0000000-0000-0000-0000-000000000001')
ON CONFLICT DO NOTHING;

-- Categories
INSERT INTO catalog.categories (id, tenant_id, name, name_ar, slug, sort_order, image_url) VALUES
  ('d0000000-0000-0000-0000-000000000001', 'a0000000-0000-0000-0000-000000000001', 'Makeup', 'مكياج', 'makeup', 1, '💄'),
  ('d0000000-0000-0000-0000-000000000002', 'a0000000-0000-0000-0000-000000000001', 'Lashes', 'رموش', 'lashes', 2, '👁️'),
  ('d0000000-0000-0000-0000-000000000003', 'a0000000-0000-0000-0000-000000000001', 'Concealer', 'كونسيلر', 'concealer', 3, '✨'),
  ('d0000000-0000-0000-0000-000000000004', 'a0000000-0000-0000-0000-000000000001', 'Brushes', 'فرش', 'brushes', 4, '🖌️'),
  ('d0000000-0000-0000-0000-000000000005', 'a0000000-0000-0000-0000-000000000001', 'Brush Sets', 'أطقم فرش', 'brush-sets', 5, '🎨'),
  ('d0000000-0000-0000-0000-000000000006', 'a0000000-0000-0000-0000-000000000001', 'Lip Products', 'منتجات الشفاه', 'lip-products', 6, '💋')
ON CONFLICT (tenant_id, slug) DO NOTHING;

-- Brand
INSERT INTO catalog.brands (id, tenant_id, name, name_ar, slug)
VALUES ('e0000000-0000-0000-0000-000000000001', 'a0000000-0000-0000-0000-000000000001', 'Brushia', 'بروشيا', 'brushia')
ON CONFLICT (tenant_id, slug) DO NOTHING;

-- Real Brushia Products (prices in piasters: 35000 = 350 EGP)
INSERT INTO catalog.products (id, tenant_id, category_id, brand_id, sku, name, slug, base_price, cost_price, status) VALUES
  ('f0000000-0000-0000-0000-000000000001', 'a0000000-0000-0000-0000-000000000001', 'd0000000-0000-0000-0000-000000000001', 'e0000000-0000-0000-0000-000000000001', 'BRS-FDN-001', 'Full Coverage Foundation', 'full-coverage-foundation', 35000, 12000, 'active'),
  ('f0000000-0000-0000-0000-000000000002', 'a0000000-0000-0000-0000-000000000001', 'd0000000-0000-0000-0000-000000000001', 'e0000000-0000-0000-0000-000000000001', 'BRS-PWD-001', 'Setting Powder Matte', 'setting-powder-matte', 25000, 8000, 'active'),
  ('f0000000-0000-0000-0000-000000000003', 'a0000000-0000-0000-0000-000000000001', 'd0000000-0000-0000-0000-000000000003', 'e0000000-0000-0000-0000-000000000001', 'BRS-CON-001', 'Liquid Concealer HD', 'liquid-concealer-hd', 18000, 6000, 'active'),
  ('f0000000-0000-0000-0000-000000000004', 'a0000000-0000-0000-0000-000000000001', 'd0000000-0000-0000-0000-000000000003', 'e0000000-0000-0000-0000-000000000001', 'BRS-CON-002', 'Creamy Concealer Stick', 'creamy-concealer-stick', 15000, 5000, 'active'),
  ('f0000000-0000-0000-0000-000000000005', 'a0000000-0000-0000-0000-000000000001', 'd0000000-0000-0000-0000-000000000002', 'e0000000-0000-0000-0000-000000000001', 'BRS-LSH-001', '3D Mink Lashes Natural', '3d-mink-lashes-natural', 12000, 3000, 'active'),
  ('f0000000-0000-0000-0000-000000000006', 'a0000000-0000-0000-0000-000000000001', 'd0000000-0000-0000-0000-000000000002', 'e0000000-0000-0000-0000-000000000001', 'BRS-LSH-002', '3D Mink Lashes Dramatic', '3d-mink-lashes-dramatic', 15000, 4000, 'active'),
  ('f0000000-0000-0000-0000-000000000007', 'a0000000-0000-0000-0000-000000000001', 'd0000000-0000-0000-0000-000000000002', 'e0000000-0000-0000-0000-000000000001', 'BRS-LSH-003', 'Magnetic Lashes Set', 'magnetic-lashes-set', 22000, 7000, 'active'),
  ('f0000000-0000-0000-0000-000000000008', 'a0000000-0000-0000-0000-000000000001', 'd0000000-0000-0000-0000-000000000004', 'e0000000-0000-0000-0000-000000000001', 'BRS-BRH-001', 'Foundation Brush Pro', 'foundation-brush-pro', 8000, 2500, 'active'),
  ('f0000000-0000-0000-0000-000000000009', 'a0000000-0000-0000-0000-000000000001', 'd0000000-0000-0000-0000-000000000004', 'e0000000-0000-0000-0000-000000000001', 'BRS-BRH-002', 'Powder Brush Large', 'powder-brush-large', 7000, 2200, 'active'),
  ('f0000000-0000-0000-0000-000000000010', 'a0000000-0000-0000-0000-000000000001', 'd0000000-0000-0000-0000-000000000004', 'e0000000-0000-0000-0000-000000000001', 'BRS-BRH-003', 'Contour Brush Angled', 'contour-brush-angled', 6500, 2000, 'active'),
  ('f0000000-0000-0000-0000-000000000011', 'a0000000-0000-0000-0000-000000000001', 'd0000000-0000-0000-0000-000000000004', 'e0000000-0000-0000-0000-000000000001', 'BRS-BRH-004', 'Eyeshadow Brush Set (3pc)', 'eyeshadow-brush-set-3pc', 12000, 3500, 'active'),
  ('f0000000-0000-0000-0000-000000000012', 'a0000000-0000-0000-0000-000000000001', 'd0000000-0000-0000-0000-000000000005', 'e0000000-0000-0000-0000-000000000001', 'BRS-SET-001', 'Complete Brush Set 12pc', 'complete-brush-set-12pc', 45000, 15000, 'active'),
  ('f0000000-0000-0000-0000-000000000013', 'a0000000-0000-0000-0000-000000000001', 'd0000000-0000-0000-0000-000000000005', 'e0000000-0000-0000-0000-000000000001', 'BRS-SET-002', 'Travel Brush Set 6pc', 'travel-brush-set-6pc', 28000, 9000, 'active'),
  ('f0000000-0000-0000-0000-000000000014', 'a0000000-0000-0000-0000-000000000001', 'd0000000-0000-0000-0000-000000000005', 'e0000000-0000-0000-0000-000000000001', 'BRS-SET-003', 'Luxury Rose Gold Set 15pc', 'luxury-rose-gold-set-15pc', 65000, 22000, 'active'),
  ('f0000000-0000-0000-0000-000000000015', 'a0000000-0000-0000-0000-000000000001', 'd0000000-0000-0000-0000-000000000006', 'e0000000-0000-0000-0000-000000000001', 'BRS-LIP-001', 'Matte Liquid Lipstick', 'matte-liquid-lipstick', 12000, 3500, 'active'),
  ('f0000000-0000-0000-0000-000000000016', 'a0000000-0000-0000-0000-000000000001', 'd0000000-0000-0000-0000-000000000006', 'e0000000-0000-0000-0000-000000000001', 'BRS-LIP-002', 'Lip Gloss Shimmer', 'lip-gloss-shimmer', 10000, 3000, 'active'),
  ('f0000000-0000-0000-0000-000000000017', 'a0000000-0000-0000-0000-000000000001', 'd0000000-0000-0000-0000-000000000001', 'e0000000-0000-0000-0000-000000000001', 'BRS-BLH-001', 'Blush Palette 4-Color', 'blush-palette-4-color', 22000, 7000, 'active'),
  ('f0000000-0000-0000-0000-000000000018', 'a0000000-0000-0000-0000-000000000001', 'd0000000-0000-0000-0000-000000000001', 'e0000000-0000-0000-0000-000000000001', 'BRS-CTR-001', 'Contour Kit 3-in-1', 'contour-kit-3-in-1', 28000, 9000, 'active'),
  ('f0000000-0000-0000-0000-000000000019', 'a0000000-0000-0000-0000-000000000001', 'd0000000-0000-0000-0000-000000000001', 'e0000000-0000-0000-0000-000000000001', 'BRS-EYE-001', 'Eyeshadow Palette 18-Color', 'eyeshadow-palette-18-color', 38000, 12000, 'active'),
  ('f0000000-0000-0000-0000-000000000020', 'a0000000-0000-0000-0000-000000000001', 'd0000000-0000-0000-0000-000000000001', 'e0000000-0000-0000-0000-000000000001', 'BRS-PRM-001', 'Face Primer Hydrating', 'face-primer-hydrating', 20000, 6500, 'active'),
  ('f0000000-0000-0000-0000-000000000021', 'a0000000-0000-0000-0000-000000000001', 'd0000000-0000-0000-0000-000000000001', 'e0000000-0000-0000-0000-000000000001', 'BRS-SPR-001', 'Setting Spray Long-Wear', 'setting-spray-long-wear', 16000, 5000, 'active'),
  ('f0000000-0000-0000-0000-000000000022', 'a0000000-0000-0000-0000-000000000001', 'd0000000-0000-0000-0000-000000000001', 'e0000000-0000-0000-0000-000000000001', 'BRS-MSC-001', 'Volumizing Mascara', 'volumizing-mascara', 14000, 4500, 'active'),
  ('f0000000-0000-0000-0000-000000000023', 'a0000000-0000-0000-0000-000000000001', 'd0000000-0000-0000-0000-000000000001', 'e0000000-0000-0000-0000-000000000001', 'BRS-ELN-001', 'Liquid Eyeliner Pen', 'liquid-eyeliner-pen', 10000, 3000, 'active'),
  ('f0000000-0000-0000-0000-000000000024', 'a0000000-0000-0000-0000-000000000001', 'd0000000-0000-0000-0000-000000000001', 'e0000000-0000-0000-0000-000000000001', 'BRS-BRW-001', 'Brow Pencil Micro', 'brow-pencil-micro', 8000, 2500, 'active')
ON CONFLICT (tenant_id, sku) DO NOTHING;

-- Color variants for key products
INSERT INTO catalog.product_variants (id, tenant_id, product_id, sku, name, color, color_hex, sort_order) VALUES
  -- Foundation shades
  ('10000000-0000-0000-0000-000000000001', 'a0000000-0000-0000-0000-000000000001', 'f0000000-0000-0000-0000-000000000001', 'BRS-FDN-001-IV', 'Ivory', 'Ivory', '#FFFFF0', 1),
  ('10000000-0000-0000-0000-000000000002', 'a0000000-0000-0000-0000-000000000001', 'f0000000-0000-0000-0000-000000000001', 'BRS-FDN-001-BG', 'Beige', 'Beige', '#F5F5DC', 2),
  ('10000000-0000-0000-0000-000000000003', 'a0000000-0000-0000-0000-000000000001', 'f0000000-0000-0000-0000-000000000001', 'BRS-FDN-001-SD', 'Sand', 'Sand', '#C2B280', 3),
  ('10000000-0000-0000-0000-000000000004', 'a0000000-0000-0000-0000-000000000001', 'f0000000-0000-0000-0000-000000000001', 'BRS-FDN-001-HN', 'Honey', 'Honey', '#EB9605', 4),
  ('10000000-0000-0000-0000-000000000005', 'a0000000-0000-0000-0000-000000000001', 'f0000000-0000-0000-0000-000000000001', 'BRS-FDN-001-CR', 'Caramel', 'Caramel', '#FFD59A', 5),
  -- Concealer shades
  ('10000000-0000-0000-0000-000000000006', 'a0000000-0000-0000-0000-000000000001', 'f0000000-0000-0000-0000-000000000003', 'BRS-CON-001-LT', 'Light', 'Light', '#FAE7D0', 1),
  ('10000000-0000-0000-0000-000000000007', 'a0000000-0000-0000-0000-000000000001', 'f0000000-0000-0000-0000-000000000003', 'BRS-CON-001-MD', 'Medium', 'Medium', '#D2A679', 2),
  ('10000000-0000-0000-0000-000000000008', 'a0000000-0000-0000-0000-000000000001', 'f0000000-0000-0000-0000-000000000003', 'BRS-CON-001-DK', 'Dark', 'Dark', '#8B6914', 3),
  -- Lipstick shades
  ('10000000-0000-0000-0000-000000000009', 'a0000000-0000-0000-0000-000000000001', 'f0000000-0000-0000-0000-000000000015', 'BRS-LIP-001-RD', 'Ruby Red', 'Ruby Red', '#9B111E', 1),
  ('10000000-0000-0000-0000-000000000010', 'a0000000-0000-0000-0000-000000000001', 'f0000000-0000-0000-0000-000000000015', 'BRS-LIP-001-ND', 'Nude Rose', 'Nude Rose', '#E8C4B8', 2),
  ('10000000-0000-0000-0000-000000000011', 'a0000000-0000-0000-0000-000000000001', 'f0000000-0000-0000-0000-000000000015', 'BRS-LIP-001-BR', 'Berry', 'Berry', '#8E4585', 3),
  ('10000000-0000-0000-0000-000000000012', 'a0000000-0000-0000-0000-000000000001', 'f0000000-0000-0000-0000-000000000015', 'BRS-LIP-001-MV', 'Mauve', 'Mauve', '#E0B0FF', 4),
  ('10000000-0000-0000-0000-000000000013', 'a0000000-0000-0000-0000-000000000001', 'f0000000-0000-0000-0000-000000000015', 'BRS-LIP-001-PK', 'Pink', 'Pink', '#FF69B4', 5)
ON CONFLICT (tenant_id, sku) DO NOTHING;

-- Warehouses
INSERT INTO inventory.warehouses (id, tenant_id, code, name, warehouse_type, city, governorate, is_default) VALUES
  ('20000000-0000-0000-0000-000000000001', 'a0000000-0000-0000-0000-000000000001', 'WH-MAIN', 'Main Warehouse', 'standard', 'Cairo', 'Cairo', true),
  ('20000000-0000-0000-0000-000000000002', 'a0000000-0000-0000-0000-000000000001', 'WH-SHOW', 'Showroom', 'retail', 'Cairo', 'Cairo', false)
ON CONFLICT (tenant_id, code) DO NOTHING;

-- Stock levels (sample inventory)
INSERT INTO inventory.stock_levels (tenant_id, product_id, warehouse_id, qty_on_hand, weighted_avg_cost) VALUES
  ('a0000000-0000-0000-0000-000000000001', 'f0000000-0000-0000-0000-000000000001', '20000000-0000-0000-0000-000000000001', 150, 12000),
  ('a0000000-0000-0000-0000-000000000001', 'f0000000-0000-0000-0000-000000000002', '20000000-0000-0000-0000-000000000001', 200, 8000),
  ('a0000000-0000-0000-0000-000000000001', 'f0000000-0000-0000-0000-000000000003', '20000000-0000-0000-0000-000000000001', 300, 6000),
  ('a0000000-0000-0000-0000-000000000001', 'f0000000-0000-0000-0000-000000000004', '20000000-0000-0000-0000-000000000001', 180, 5000),
  ('a0000000-0000-0000-0000-000000000001', 'f0000000-0000-0000-0000-000000000005', '20000000-0000-0000-0000-000000000001', 500, 3000),
  ('a0000000-0000-0000-0000-000000000001', 'f0000000-0000-0000-0000-000000000006', '20000000-0000-0000-0000-000000000001', 400, 4000),
  ('a0000000-0000-0000-0000-000000000001', 'f0000000-0000-0000-0000-000000000007', '20000000-0000-0000-0000-000000000001', 100, 7000),
  ('a0000000-0000-0000-0000-000000000001', 'f0000000-0000-0000-0000-000000000008', '20000000-0000-0000-0000-000000000001', 250, 2500),
  ('a0000000-0000-0000-0000-000000000001', 'f0000000-0000-0000-0000-000000000009', '20000000-0000-0000-0000-000000000001', 220, 2200),
  ('a0000000-0000-0000-0000-000000000001', 'f0000000-0000-0000-0000-000000000010', '20000000-0000-0000-0000-000000000001', 200, 2000),
  ('a0000000-0000-0000-0000-000000000001', 'f0000000-0000-0000-0000-000000000011', '20000000-0000-0000-0000-000000000001', 180, 3500),
  ('a0000000-0000-0000-0000-000000000001', 'f0000000-0000-0000-0000-000000000012', '20000000-0000-0000-0000-000000000001', 50, 15000),
  ('a0000000-0000-0000-0000-000000000001', 'f0000000-0000-0000-0000-000000000013', '20000000-0000-0000-0000-000000000001', 80, 9000),
  ('a0000000-0000-0000-0000-000000000001', 'f0000000-0000-0000-0000-000000000014', '20000000-0000-0000-0000-000000000001', 30, 22000),
  ('a0000000-0000-0000-0000-000000000001', 'f0000000-0000-0000-0000-000000000015', '20000000-0000-0000-0000-000000000001', 350, 3500),
  ('a0000000-0000-0000-0000-000000000001', 'f0000000-0000-0000-0000-000000000016', '20000000-0000-0000-0000-000000000001', 280, 3000),
  ('a0000000-0000-0000-0000-000000000001', 'f0000000-0000-0000-0000-000000000017', '20000000-0000-0000-0000-000000000001', 120, 7000),
  ('a0000000-0000-0000-0000-000000000001', 'f0000000-0000-0000-0000-000000000018', '20000000-0000-0000-0000-000000000001', 90, 9000),
  ('a0000000-0000-0000-0000-000000000001', 'f0000000-0000-0000-0000-000000000019', '20000000-0000-0000-0000-000000000001', 60, 12000),
  ('a0000000-0000-0000-0000-000000000001', 'f0000000-0000-0000-0000-000000000020', '20000000-0000-0000-0000-000000000001', 160, 6500),
  ('a0000000-0000-0000-0000-000000000001', 'f0000000-0000-0000-0000-000000000021', '20000000-0000-0000-0000-000000000001', 140, 5000),
  ('a0000000-0000-0000-0000-000000000001', 'f0000000-0000-0000-0000-000000000022', '20000000-0000-0000-0000-000000000001', 300, 4500),
  ('a0000000-0000-0000-0000-000000000001', 'f0000000-0000-0000-0000-000000000023', '20000000-0000-0000-0000-000000000001', 250, 3000),
  ('a0000000-0000-0000-0000-000000000001', 'f0000000-0000-0000-0000-000000000024', '20000000-0000-0000-0000-000000000001', 400, 2500);

-- Sample customers
INSERT INTO sales.customers (id, tenant_id, customer_number, first_name, last_name, phone, whatsapp, city, governorate, customer_type) VALUES
  ('30000000-0000-0000-0000-000000000001', 'a0000000-0000-0000-0000-000000000001', 'C-0001', 'Sara', 'Ahmed', '+201012345678', '+201012345678', 'Cairo', 'Cairo', 'retail'),
  ('30000000-0000-0000-0000-000000000002', 'a0000000-0000-0000-0000-000000000001', 'C-0002', 'Nour', 'Hassan', '+201098765432', '+201098765432', 'Alexandria', 'Alexandria', 'retail'),
  ('30000000-0000-0000-0000-000000000003', 'a0000000-0000-0000-0000-000000000001', 'C-0003', 'Beauty World', NULL, '+201155555555', '+201155555555', 'Giza', 'Giza', 'wholesale')
ON CONFLICT (tenant_id, customer_number) DO NOTHING;

-- Sample vendors
INSERT INTO purchasing.vendors (id, tenant_id, vendor_number, name, contact_person, email, phone, country, city, payment_terms, lead_time_days) VALUES
  ('40000000-0000-0000-0000-000000000001', 'a0000000-0000-0000-0000-000000000001', 'V-0001', 'Guangzhou Beauty Co.', 'Wang Li', 'wang@gzbeauty.cn', '+8613800138000', 'CN', 'Guangzhou', 'Net 30', 21),
  ('40000000-0000-0000-0000-000000000002', 'a0000000-0000-0000-0000-000000000001', 'V-0002', 'Yiwu Brush Factory', 'Chen Ming', 'chen@ywbrush.cn', '+8613900139000', 'CN', 'Yiwu', 'Net 15', 14),
  ('40000000-0000-0000-0000-000000000003', 'a0000000-0000-0000-0000-000000000001', 'V-0003', 'Egypt Packaging Co.', 'Ahmed Mostafa', 'ahmed@egpack.com', '+201000000001', 'EG', 'Cairo', 'Net 7', 3)
ON CONFLICT (tenant_id, vendor_number) DO NOTHING;

-- Chart of Accounts
INSERT INTO accounting.chart_of_accounts (id, tenant_id, account_number, name, account_type, is_system) VALUES
  ('50000000-0000-0000-0000-000000000001', 'a0000000-0000-0000-0000-000000000001', '1000', 'Cash on Hand', 'asset', true),
  ('50000000-0000-0000-0000-000000000002', 'a0000000-0000-0000-0000-000000000001', '1010', 'Bank Account', 'asset', true),
  ('50000000-0000-0000-0000-000000000003', 'a0000000-0000-0000-0000-000000000001', '1200', 'Accounts Receivable', 'asset', true),
  ('50000000-0000-0000-0000-000000000004', 'a0000000-0000-0000-0000-000000000001', '1300', 'Inventory', 'asset', true),
  ('50000000-0000-0000-0000-000000000005', 'a0000000-0000-0000-0000-000000000001', '2000', 'Accounts Payable', 'liability', true),
  ('50000000-0000-0000-0000-000000000006', 'a0000000-0000-0000-0000-000000000001', '2100', 'VAT Payable', 'liability', true),
  ('50000000-0000-0000-0000-000000000007', 'a0000000-0000-0000-0000-000000000001', '3000', 'Owner Equity', 'equity', true),
  ('50000000-0000-0000-0000-000000000008', 'a0000000-0000-0000-0000-000000000001', '3100', 'Retained Earnings', 'equity', true),
  ('50000000-0000-0000-0000-000000000009', 'a0000000-0000-0000-0000-000000000001', '4000', 'Sales Revenue', 'revenue', true),
  ('50000000-0000-0000-0000-000000000010', 'a0000000-0000-0000-0000-000000000001', '4100', 'Sales Returns', 'revenue', true),
  ('50000000-0000-0000-0000-000000000011', 'a0000000-0000-0000-0000-000000000001', '5000', 'Cost of Goods Sold', 'expense', true),
  ('50000000-0000-0000-0000-000000000012', 'a0000000-0000-0000-0000-000000000001', '5100', 'Shipping Expenses', 'expense', true),
  ('50000000-0000-0000-0000-000000000013', 'a0000000-0000-0000-0000-000000000001', '5200', 'Customs & Import Duties', 'expense', true),
  ('50000000-0000-0000-0000-000000000014', 'a0000000-0000-0000-0000-000000000001', '6000', 'Operating Expenses', 'expense', true),
  ('50000000-0000-0000-0000-000000000015', 'a0000000-0000-0000-0000-000000000001', '6100', 'Salaries & Wages', 'expense', true),
  ('50000000-0000-0000-0000-000000000016', 'a0000000-0000-0000-0000-000000000001', '6200', 'Rent', 'expense', true),
  ('50000000-0000-0000-0000-000000000017', 'a0000000-0000-0000-0000-000000000001', '6300', 'Marketing & Advertising', 'expense', true)
ON CONFLICT (tenant_id, account_number) DO NOTHING;

-- Record migration
INSERT INTO public.migrations (name) VALUES ('002_seed') ON CONFLICT (name) DO NOTHING;
