-- Migration 029: Real Brushia Stock Take Data (04/06/2026)
-- Replaces demo data with real inventory from physical stock count

-- Step 1: Clean demo data (all FK-dependent tables first)
-- Purchasing
DELETE FROM purchasing.goods_receipt_items WHERE goods_receipt_id IN (SELECT id FROM purchasing.goods_receipts WHERE tenant_id = 'a0000000-0000-0000-0000-000000000001');
DELETE FROM purchasing.goods_receipts WHERE tenant_id = 'a0000000-0000-0000-0000-000000000001';
DELETE FROM purchasing.purchase_order_items WHERE purchase_order_id IN (SELECT id FROM purchasing.purchase_orders WHERE tenant_id = 'a0000000-0000-0000-0000-000000000001');
DELETE FROM purchasing.purchase_orders WHERE tenant_id = 'a0000000-0000-0000-0000-000000000001';
DELETE FROM purchasing.bill_payments WHERE bill_id IN (SELECT id FROM purchasing.vendor_bills WHERE tenant_id = 'a0000000-0000-0000-0000-000000000001');
DELETE FROM purchasing.vendor_bills WHERE tenant_id = 'a0000000-0000-0000-0000-000000000001';
-- Inventory transfers & reservations
DELETE FROM inventory.stock_transfer_items WHERE transfer_id IN (SELECT id FROM inventory.stock_transfers WHERE tenant_id = 'a0000000-0000-0000-0000-000000000001');
DELETE FROM inventory.stock_transfers WHERE tenant_id = 'a0000000-0000-0000-0000-000000000001';
DELETE FROM inventory.stock_reservations WHERE tenant_id = 'a0000000-0000-0000-0000-000000000001';
-- Stock & Sales
DELETE FROM inventory.stock_count_items WHERE tenant_id = 'a0000000-0000-0000-0000-000000000001';
DELETE FROM inventory.stock_counts WHERE tenant_id = 'a0000000-0000-0000-0000-000000000001';
DELETE FROM inventory.stock_movements WHERE tenant_id = 'a0000000-0000-0000-0000-000000000001';
DELETE FROM inventory.stock_levels WHERE tenant_id = 'a0000000-0000-0000-0000-000000000001';
DELETE FROM sales.order_items WHERE order_id IN (SELECT id FROM sales.sales_orders WHERE tenant_id = 'a0000000-0000-0000-0000-000000000001');
DELETE FROM sales.payments WHERE order_id IN (SELECT id FROM sales.sales_orders WHERE tenant_id = 'a0000000-0000-0000-0000-000000000001');
DELETE FROM sales.sales_orders WHERE tenant_id = 'a0000000-0000-0000-0000-000000000001';
DELETE FROM catalog.product_variants WHERE product_id IN (SELECT id FROM catalog.products WHERE tenant_id = 'a0000000-0000-0000-0000-000000000001');
DELETE FROM catalog.products WHERE tenant_id = 'a0000000-0000-0000-0000-000000000001';
DELETE FROM catalog.categories WHERE tenant_id = 'a0000000-0000-0000-0000-000000000001';

-- Step 2: Insert 15 real categories
INSERT INTO catalog.categories (id, tenant_id, name, name_ar, slug, sort_order, is_active) VALUES ('c1000000-0000-0000-0000-000000000001', 'a0000000-0000-0000-0000-000000000001', 'Foundation', 'فاونديشن', 'foundation', 1, true);
INSERT INTO catalog.categories (id, tenant_id, name, name_ar, slug, sort_order, is_active) VALUES ('c1000000-0000-0000-0000-000000000002', 'a0000000-0000-0000-0000-000000000001', 'Concealer', 'كونسيلر', 'concealer', 2, true);
INSERT INTO catalog.categories (id, tenant_id, name, name_ar, slug, sort_order, is_active) VALUES ('c1000000-0000-0000-0000-000000000003', 'a0000000-0000-0000-0000-000000000001', 'Compact Powder', 'بودرة مضغوطة', 'compact-powder', 3, true);
INSERT INTO catalog.categories (id, tenant_id, name, name_ar, slug, sort_order, is_active) VALUES ('c1000000-0000-0000-0000-000000000004', 'a0000000-0000-0000-0000-000000000001', 'Filters', 'فلاتر', 'filters', 4, true);
INSERT INTO catalog.categories (id, tenant_id, name, name_ar, slug, sort_order, is_active) VALUES ('c1000000-0000-0000-0000-000000000005', 'a0000000-0000-0000-0000-000000000001', 'Air Drop Foundation', 'فاونديشن قطرة', 'air-drop-foundation', 5, true);
INSERT INTO catalog.categories (id, tenant_id, name, name_ar, slug, sort_order, is_active) VALUES ('c1000000-0000-0000-0000-000000000006', 'a0000000-0000-0000-0000-000000000001', 'Beauty Blender', 'بيوتي بلندر', 'beauty-blender', 6, true);
INSERT INTO catalog.categories (id, tenant_id, name, name_ar, slug, sort_order, is_active) VALUES ('c1000000-0000-0000-0000-000000000007', 'a0000000-0000-0000-0000-000000000001', 'Gel Liner', 'جل لاينر', 'gel-liner', 7, true);
INSERT INTO catalog.categories (id, tenant_id, name, name_ar, slug, sort_order, is_active) VALUES ('c1000000-0000-0000-0000-000000000008', 'a0000000-0000-0000-0000-000000000001', 'White Eye Brow Pencil', 'قلم حواجب أبيض', 'white-eye-brow-pencil', 8, true);
INSERT INTO catalog.categories (id, tenant_id, name, name_ar, slug, sort_order, is_active) VALUES ('c1000000-0000-0000-0000-000000000009', 'a0000000-0000-0000-0000-000000000001', 'Gold Eye Brows Pencil', 'قلم حواجب ذهبي', 'gold-eye-brows-pencil', 9, true);
INSERT INTO catalog.categories (id, tenant_id, name, name_ar, slug, sort_order, is_active) VALUES ('c1000000-0000-0000-0000-00000000000a', 'a0000000-0000-0000-0000-000000000001', 'Glitter', 'جليتر', 'glitter', 10, true);
INSERT INTO catalog.categories (id, tenant_id, name, name_ar, slug, sort_order, is_active) VALUES ('c1000000-0000-0000-0000-00000000000b', 'a0000000-0000-0000-0000-000000000001', 'Triangle Burgundy Sponge', 'إسفنجة مثلث', 'triangle-sponge', 11, true);
INSERT INTO catalog.categories (id, tenant_id, name, name_ar, slug, sort_order, is_active) VALUES ('c1000000-0000-0000-0000-00000000000c', 'a0000000-0000-0000-0000-000000000001', 'Lashes', 'رموش', 'lashes', 12, true);
INSERT INTO catalog.categories (id, tenant_id, name, name_ar, slug, sort_order, is_active) VALUES ('c1000000-0000-0000-0000-00000000000d', 'a0000000-0000-0000-0000-000000000001', 'Blusher Highlighter', 'بلاشر هايلايتر', 'blusher-highlighter', 13, true);
INSERT INTO catalog.categories (id, tenant_id, name, name_ar, slug, sort_order, is_active) VALUES ('c1000000-0000-0000-0000-00000000000e', 'a0000000-0000-0000-0000-000000000001', 'Brushes', 'فرش مفردة', 'brushes-singles', 14, true);
INSERT INTO catalog.categories (id, tenant_id, name, name_ar, slug, sort_order, is_active) VALUES ('c1000000-0000-0000-0000-00000000000f', 'a0000000-0000-0000-0000-000000000001', 'Brush Sets', 'أطقم فرش', 'brush-sets', 15, true);

-- Step 3: Insert real products
INSERT INTO catalog.products (id, tenant_id, category_id, sku, name, name_ar, slug, base_price, cost_price, product_type, is_active, status, track_inventory, low_stock_threshold, tax_rate) VALUES ('9431d5b4-beb3-40bd-9f6f-df7cd6f7c03d', 'a0000000-0000-0000-0000-000000000001', 'c1000000-0000-0000-0000-000000000001', 'HD001', 'Foundation HD001', 'فاونديشن HD001', 'hd001', 15000, 8000, 'simple', true, 'active', true, 10, 14.00);
INSERT INTO catalog.products (id, tenant_id, category_id, sku, name, name_ar, slug, base_price, cost_price, product_type, is_active, status, track_inventory, low_stock_threshold, tax_rate) VALUES ('18277122-fa76-4001-b2e7-7f435bd61f69', 'a0000000-0000-0000-0000-000000000001', 'c1000000-0000-0000-0000-000000000001', 'HD002', 'Foundation HD002', 'فاونديشن HD002', 'hd002', 15000, 8000, 'simple', true, 'active', true, 10, 14.00);
INSERT INTO catalog.products (id, tenant_id, category_id, sku, name, name_ar, slug, base_price, cost_price, product_type, is_active, status, track_inventory, low_stock_threshold, tax_rate) VALUES ('7e18baea-276b-49c5-9736-fb345e6a0fa8', 'a0000000-0000-0000-0000-000000000001', 'c1000000-0000-0000-0000-000000000001', 'HD004', 'Foundation HD004', 'فاونديشن HD004', 'hd004', 15000, 8000, 'simple', true, 'active', true, 10, 14.00);
INSERT INTO catalog.products (id, tenant_id, category_id, sku, name, name_ar, slug, base_price, cost_price, product_type, is_active, status, track_inventory, low_stock_threshold, tax_rate) VALUES ('1eb150c1-7a9d-4532-a0f8-c7d402344af3', 'a0000000-0000-0000-0000-000000000001', 'c1000000-0000-0000-0000-000000000001', 'HD005', 'Foundation HD005', 'فاونديشن HD005', 'hd005', 15000, 8000, 'simple', true, 'active', true, 10, 14.00);
INSERT INTO catalog.products (id, tenant_id, category_id, sku, name, name_ar, slug, base_price, cost_price, product_type, is_active, status, track_inventory, low_stock_threshold, tax_rate) VALUES ('72bab1ba-797b-4f5d-b1f9-68ed6dbd392a', 'a0000000-0000-0000-0000-000000000001', 'c1000000-0000-0000-0000-000000000001', 'GD006', 'Foundation GD006', 'فاونديشن GD006', 'gd006', 15000, 8000, 'simple', true, 'active', true, 10, 14.00);
INSERT INTO catalog.products (id, tenant_id, category_id, sku, name, name_ar, slug, base_price, cost_price, product_type, is_active, status, track_inventory, low_stock_threshold, tax_rate) VALUES ('b32a2a0b-e4fa-497e-9ec7-544bf46e178e', 'a0000000-0000-0000-0000-000000000001', 'c1000000-0000-0000-0000-000000000001', 'HD008', 'Foundation HD008', 'فاونديشن HD008', 'hd008', 15000, 8000, 'simple', true, 'active', true, 10, 14.00);
INSERT INTO catalog.products (id, tenant_id, category_id, sku, name, name_ar, slug, base_price, cost_price, product_type, is_active, status, track_inventory, low_stock_threshold, tax_rate) VALUES ('792fd29c-46b8-4f58-b0e9-d3be6a3b369f', 'a0000000-0000-0000-0000-000000000001', 'c1000000-0000-0000-0000-000000000001', 'HD009', 'Foundation HD009', 'فاونديشن HD009', 'hd009', 15000, 8000, 'simple', true, 'active', true, 10, 14.00);
INSERT INTO catalog.products (id, tenant_id, category_id, sku, name, name_ar, slug, base_price, cost_price, product_type, is_active, status, track_inventory, low_stock_threshold, tax_rate) VALUES ('00aff1c2-b61b-458e-b4d4-87f5cee28d8b', 'a0000000-0000-0000-0000-000000000001', 'c1000000-0000-0000-0000-000000000001', 'HD011', 'Foundation HD011', 'فاونديشن HD011', 'hd011', 15000, 8000, 'simple', true, 'active', true, 10, 14.00);
INSERT INTO catalog.products (id, tenant_id, category_id, sku, name, name_ar, slug, base_price, cost_price, product_type, is_active, status, track_inventory, low_stock_threshold, tax_rate) VALUES ('7c019489-eecb-4236-8741-d3f4f46996a5', 'a0000000-0000-0000-0000-000000000001', 'c1000000-0000-0000-0000-000000000001', 'HD012', 'Foundation HD012', 'فاونديشن HD012', 'hd012', 15000, 8000, 'simple', true, 'active', true, 10, 14.00);
INSERT INTO catalog.products (id, tenant_id, category_id, sku, name, name_ar, slug, base_price, cost_price, product_type, is_active, status, track_inventory, low_stock_threshold, tax_rate) VALUES ('f11694d0-02f2-45d1-b9de-c917d3b54ed2', 'a0000000-0000-0000-0000-000000000001', 'c1000000-0000-0000-0000-000000000002', 'CON-4', 'Concealer #4', 'كونسيلر #4', 'con-4', 10000, 5500, 'simple', true, 'active', true, 10, 14.00);
INSERT INTO catalog.products (id, tenant_id, category_id, sku, name, name_ar, slug, base_price, cost_price, product_type, is_active, status, track_inventory, low_stock_threshold, tax_rate) VALUES ('373e6718-5238-408b-a3a0-aa9a2611786d', 'a0000000-0000-0000-0000-000000000001', 'c1000000-0000-0000-0000-000000000002', 'CON-5', 'Concealer #5', 'كونسيلر #5', 'con-5', 10000, 5500, 'simple', true, 'active', true, 10, 14.00);
INSERT INTO catalog.products (id, tenant_id, category_id, sku, name, name_ar, slug, base_price, cost_price, product_type, is_active, status, track_inventory, low_stock_threshold, tax_rate) VALUES ('c4a4fe4d-005a-45d1-a7f9-d0d5ed8fee6d', 'a0000000-0000-0000-0000-000000000001', 'c1000000-0000-0000-0000-000000000002', 'CON-6', 'Concealer #6', 'كونسيلر #6', 'con-6', 10000, 5500, 'simple', true, 'active', true, 10, 14.00);
INSERT INTO catalog.products (id, tenant_id, category_id, sku, name, name_ar, slug, base_price, cost_price, product_type, is_active, status, track_inventory, low_stock_threshold, tax_rate) VALUES ('6d1718cb-a230-4292-9e7a-a23cf2534ebb', 'a0000000-0000-0000-0000-000000000001', 'c1000000-0000-0000-0000-000000000002', 'CON-9', 'Concealer #9', 'كونسيلر #9', 'con-9', 10000, 5500, 'simple', true, 'active', true, 10, 14.00);
INSERT INTO catalog.products (id, tenant_id, category_id, sku, name, name_ar, slug, base_price, cost_price, product_type, is_active, status, track_inventory, low_stock_threshold, tax_rate) VALUES ('a8e702ef-8d24-46fc-abf3-21ad31af07f5', 'a0000000-0000-0000-0000-000000000001', 'c1000000-0000-0000-0000-000000000002', 'CON-15', 'Concealer #15', 'كونسيلر #15', 'con-15', 10000, 5500, 'simple', true, 'active', true, 10, 14.00);
INSERT INTO catalog.products (id, tenant_id, category_id, sku, name, name_ar, slug, base_price, cost_price, product_type, is_active, status, track_inventory, low_stock_threshold, tax_rate) VALUES ('113d0ffc-4cf9-4767-ae8b-64ee333fbdc1', 'a0000000-0000-0000-0000-000000000001', 'c1000000-0000-0000-0000-000000000002', 'CON-135', 'Concealer #135', 'كونسيلر #135', 'con-135', 10000, 5500, 'simple', true, 'active', true, 10, 14.00);
INSERT INTO catalog.products (id, tenant_id, category_id, sku, name, name_ar, slug, base_price, cost_price, product_type, is_active, status, track_inventory, low_stock_threshold, tax_rate) VALUES ('3129f4ce-4287-43b8-bb17-fec256863cbe', 'a0000000-0000-0000-0000-000000000001', 'c1000000-0000-0000-0000-000000000003', 'C01', 'Compact Powder C01', 'بودرة C01', 'c01', 12000, 6500, 'simple', true, 'active', true, 10, 14.00);
INSERT INTO catalog.products (id, tenant_id, category_id, sku, name, name_ar, slug, base_price, cost_price, product_type, is_active, status, track_inventory, low_stock_threshold, tax_rate) VALUES ('cc1e7811-7868-4ddf-9d95-f315edb4c501', 'a0000000-0000-0000-0000-000000000001', 'c1000000-0000-0000-0000-000000000003', 'C02', 'Compact Powder C02', 'بودرة C02', 'c02', 12000, 6500, 'simple', true, 'active', true, 10, 14.00);
INSERT INTO catalog.products (id, tenant_id, category_id, sku, name, name_ar, slug, base_price, cost_price, product_type, is_active, status, track_inventory, low_stock_threshold, tax_rate) VALUES ('ad85bd74-cc42-41d6-9198-a207e35ec6a3', 'a0000000-0000-0000-0000-000000000001', 'c1000000-0000-0000-0000-000000000003', 'C03', 'Compact Powder C03', 'بودرة C03', 'c03', 12000, 6500, 'simple', true, 'active', true, 10, 14.00);
INSERT INTO catalog.products (id, tenant_id, category_id, sku, name, name_ar, slug, base_price, cost_price, product_type, is_active, status, track_inventory, low_stock_threshold, tax_rate) VALUES ('e7f87e52-1307-45f9-83eb-b43b55147102', 'a0000000-0000-0000-0000-000000000001', 'c1000000-0000-0000-0000-000000000003', 'C04', 'Compact Powder C04', 'بودرة C04', 'c04', 12000, 6500, 'simple', true, 'active', true, 10, 14.00);
INSERT INTO catalog.products (id, tenant_id, category_id, sku, name, name_ar, slug, base_price, cost_price, product_type, is_active, status, track_inventory, low_stock_threshold, tax_rate) VALUES ('5947db82-8d15-445d-a773-eb5f33c75f23', 'a0000000-0000-0000-0000-000000000001', 'c1000000-0000-0000-0000-000000000003', 'C05', 'Compact Powder C05', 'بودرة C05', 'c05', 12000, 6500, 'simple', true, 'active', true, 10, 14.00);
INSERT INTO catalog.products (id, tenant_id, category_id, sku, name, name_ar, slug, base_price, cost_price, product_type, is_active, status, track_inventory, low_stock_threshold, tax_rate) VALUES ('a27d616d-3df1-4743-98af-c65bcfa16db0', 'a0000000-0000-0000-0000-000000000001', 'c1000000-0000-0000-0000-000000000003', 'C06', 'Compact Powder C06', 'بودرة C06', 'c06', 12000, 6500, 'simple', true, 'active', true, 10, 14.00);
INSERT INTO catalog.products (id, tenant_id, category_id, sku, name, name_ar, slug, base_price, cost_price, product_type, is_active, status, track_inventory, low_stock_threshold, tax_rate) VALUES ('e89a8e9e-51f2-4280-9512-0d0ecbd84efd', 'a0000000-0000-0000-0000-000000000001', 'c1000000-0000-0000-0000-000000000003', 'C07', 'Compact Powder C07', 'بودرة C07', 'c07', 12000, 6500, 'simple', true, 'active', true, 10, 14.00);
INSERT INTO catalog.products (id, tenant_id, category_id, sku, name, name_ar, slug, base_price, cost_price, product_type, is_active, status, track_inventory, low_stock_threshold, tax_rate) VALUES ('686692f7-34e8-4085-b0de-7103733e68fd', 'a0000000-0000-0000-0000-000000000001', 'c1000000-0000-0000-0000-000000000004', 'FLT-PRIMER', 'Primer Filter', 'فلتر برايمر', 'flt-primer', 8000, 4000, 'simple', true, 'active', true, 10, 14.00);
INSERT INTO catalog.products (id, tenant_id, category_id, sku, name, name_ar, slug, base_price, cost_price, product_type, is_active, status, track_inventory, low_stock_threshold, tax_rate) VALUES ('f387908f-e512-4ef2-8b64-0e831de5126f', 'a0000000-0000-0000-0000-000000000001', 'c1000000-0000-0000-0000-000000000004', 'FLT-TAN5', 'Tan Filter #5', 'فلتر تان #5', 'flt-tan5', 8000, 4000, 'simple', true, 'active', true, 10, 14.00);
INSERT INTO catalog.products (id, tenant_id, category_id, sku, name, name_ar, slug, base_price, cost_price, product_type, is_active, status, track_inventory, low_stock_threshold, tax_rate) VALUES ('e74f4fe5-aea3-4a2f-ae35-6172c9471f78', 'a0000000-0000-0000-0000-000000000001', 'c1000000-0000-0000-0000-000000000005', 'ADF-B01', 'Air Drop Foundation B01', 'فاونديشن قطرة B01', 'adf-b01', 5000, 2500, 'simple', true, 'active', true, 10, 14.00);
INSERT INTO catalog.products (id, tenant_id, category_id, sku, name, name_ar, slug, base_price, cost_price, product_type, is_active, status, track_inventory, low_stock_threshold, tax_rate) VALUES ('502e5135-d7bb-4126-b4ab-de1c77da0712', 'a0000000-0000-0000-0000-000000000001', 'c1000000-0000-0000-0000-000000000005', 'ADF-B02', 'Air Drop Foundation B02', 'فاونديشن قطرة B02', 'adf-b02', 5000, 2500, 'simple', true, 'active', true, 10, 14.00);
INSERT INTO catalog.products (id, tenant_id, category_id, sku, name, name_ar, slug, base_price, cost_price, product_type, is_active, status, track_inventory, low_stock_threshold, tax_rate) VALUES ('995ed034-abc2-468d-a4ce-997a24d7654f', 'a0000000-0000-0000-0000-000000000001', 'c1000000-0000-0000-0000-000000000005', 'ADF-S1', 'Air Drop Foundation S1', 'فاونديشن قطرة S1', 'adf-s1', 5000, 2500, 'simple', true, 'active', true, 10, 14.00);
INSERT INTO catalog.products (id, tenant_id, category_id, sku, name, name_ar, slug, base_price, cost_price, product_type, is_active, status, track_inventory, low_stock_threshold, tax_rate) VALUES ('15e4b9c2-0e70-4220-a07a-5cfe90bbff89', 'a0000000-0000-0000-0000-000000000001', 'c1000000-0000-0000-0000-000000000005', 'ADF-S2', 'Air Drop Foundation S2', 'فاونديشن قطرة S2', 'adf-s2', 5000, 2500, 'simple', true, 'active', true, 10, 14.00);
INSERT INTO catalog.products (id, tenant_id, category_id, sku, name, name_ar, slug, base_price, cost_price, product_type, is_active, status, track_inventory, low_stock_threshold, tax_rate) VALUES ('898c00c8-7676-4a61-ba57-d14d2201f562', 'a0000000-0000-0000-0000-000000000001', 'c1000000-0000-0000-0000-000000000006', 'BB-DALIA', 'Beauty Blender Dalia', 'بيوتي بلندر Dalia', 'bb-dalia', 5000, 2500, 'simple', true, 'active', true, 10, 14.00);
INSERT INTO catalog.products (id, tenant_id, category_id, sku, name, name_ar, slug, base_price, cost_price, product_type, is_active, status, track_inventory, low_stock_threshold, tax_rate) VALUES ('f817b052-e587-40e7-a5fb-3ce031a9b54c', 'a0000000-0000-0000-0000-000000000001', 'c1000000-0000-0000-0000-000000000006', 'BB-GREEN', 'Beauty Blender Green', 'بيوتي بلندر Green', 'bb-green', 3000, 1500, 'simple', true, 'active', true, 10, 14.00);
INSERT INTO catalog.products (id, tenant_id, category_id, sku, name, name_ar, slug, base_price, cost_price, product_type, is_active, status, track_inventory, low_stock_threshold, tax_rate) VALUES ('9994e3e4-5b1b-4999-a429-da234f59bf26', 'a0000000-0000-0000-0000-000000000001', 'c1000000-0000-0000-0000-000000000006', 'BB-BLACK', 'Beauty Blender Black', 'بيوتي بلندر Black', 'bb-black', 3000, 1500, 'simple', true, 'active', true, 10, 14.00);
INSERT INTO catalog.products (id, tenant_id, category_id, sku, name, name_ar, slug, base_price, cost_price, product_type, is_active, status, track_inventory, low_stock_threshold, tax_rate) VALUES ('4f719c60-deb4-4e07-808e-e29cc48aef2c', 'a0000000-0000-0000-0000-000000000001', 'c1000000-0000-0000-0000-000000000006', 'BB-JL-CIRCLE', 'Beauty Blender Jl Circle', 'بيوتي بلندر Jl Circle', 'bb-jl-circle', 4000, 2000, 'simple', true, 'active', true, 10, 14.00);
INSERT INTO catalog.products (id, tenant_id, category_id, sku, name, name_ar, slug, base_price, cost_price, product_type, is_active, status, track_inventory, low_stock_threshold, tax_rate) VALUES ('c113ac27-0a9f-4458-b30e-fbd488b62c02', 'a0000000-0000-0000-0000-000000000001', 'c1000000-0000-0000-0000-000000000006', 'BB-JL-TRIANGLE', 'Beauty Blender Jl Triangle', 'بيوتي بلندر Jl Triangle', 'bb-jl-triangle', 4000, 2000, 'simple', true, 'active', true, 10, 14.00);
INSERT INTO catalog.products (id, tenant_id, category_id, sku, name, name_ar, slug, base_price, cost_price, product_type, is_active, status, track_inventory, low_stock_threshold, tax_rate) VALUES ('f57d9855-c2b7-49e4-9419-aa5596611aae', 'a0000000-0000-0000-0000-000000000001', 'c1000000-0000-0000-0000-000000000006', 'BB-DARK-BROWN', 'Beauty Blender Dark Brown', 'بيوتي بلندر Dark Brown', 'bb-dark-brown', 3000, 1500, 'simple', true, 'active', true, 10, 14.00);
INSERT INTO catalog.products (id, tenant_id, category_id, sku, name, name_ar, slug, base_price, cost_price, product_type, is_active, status, track_inventory, low_stock_threshold, tax_rate) VALUES ('70ea125f-abbb-43e9-b6b3-ec85f7387ee4', 'a0000000-0000-0000-0000-000000000001', 'c1000000-0000-0000-0000-000000000006', 'BB-BIG-BROWN', 'Beauty Blender Big Brown', 'بيوتي بلندر Big Brown', 'bb-big-brown', 3500, 1750, 'simple', true, 'active', true, 10, 14.00);
INSERT INTO catalog.products (id, tenant_id, category_id, sku, name, name_ar, slug, base_price, cost_price, product_type, is_active, status, track_inventory, low_stock_threshold, tax_rate) VALUES ('af7bcb56-b1cd-49bf-8d9c-c7ab6d395a99', 'a0000000-0000-0000-0000-000000000001', 'c1000000-0000-0000-0000-000000000006', 'BB-S-BROWN', 'Beauty Blender S Brown', 'بيوتي بلندر S Brown', 'bb-s-brown', 3000, 1500, 'simple', true, 'active', true, 10, 14.00);
INSERT INTO catalog.products (id, tenant_id, category_id, sku, name, name_ar, slug, base_price, cost_price, product_type, is_active, status, track_inventory, low_stock_threshold, tax_rate) VALUES ('972255bb-0d0f-4432-aa80-b4e7522609c0', 'a0000000-0000-0000-0000-000000000001', 'c1000000-0000-0000-0000-000000000006', 'BB-JL-PUFF', 'Beauty Blender Jl Puff', 'بيوتي بلندر Jl Puff', 'bb-jl-puff', 3500, 1750, 'simple', true, 'active', true, 10, 14.00);
INSERT INTO catalog.products (id, tenant_id, category_id, sku, name, name_ar, slug, base_price, cost_price, product_type, is_active, status, track_inventory, low_stock_threshold, tax_rate) VALUES ('317ae5b4-aea4-420b-918a-f5e2654f7855', 'a0000000-0000-0000-0000-000000000001', 'c1000000-0000-0000-0000-000000000006', 'BB-PUFF-SET', 'Beauty Blender Puff Set', 'بيوتي بلندر Puff Set', 'bb-puff-set', 5000, 2500, 'simple', true, 'active', true, 10, 14.00);
INSERT INTO catalog.products (id, tenant_id, category_id, sku, name, name_ar, slug, base_price, cost_price, product_type, is_active, status, track_inventory, low_stock_threshold, tax_rate) VALUES ('6dbb484b-83a3-45dd-bae9-4ea19cea33e4', 'a0000000-0000-0000-0000-000000000001', 'c1000000-0000-0000-0000-000000000006', 'BB-JL-BLACK', 'Beauty Blender Jl Black', 'بيوتي بلندر Jl Black', 'bb-jl-black', 3500, 1750, 'simple', true, 'active', true, 10, 14.00);
INSERT INTO catalog.products (id, tenant_id, category_id, sku, name, name_ar, slug, base_price, cost_price, product_type, is_active, status, track_inventory, low_stock_threshold, tax_rate) VALUES ('d1871a34-b2f8-431d-a26c-65e8093f178a', 'a0000000-0000-0000-0000-000000000001', 'c1000000-0000-0000-0000-000000000007', 'GL-BURGUNDY', 'Gel Liner Burgundy', 'جل لاينر Burgundy', 'gl-burgundy', 4000, 2000, 'simple', true, 'active', true, 10, 14.00);
INSERT INTO catalog.products (id, tenant_id, category_id, sku, name, name_ar, slug, base_price, cost_price, product_type, is_active, status, track_inventory, low_stock_threshold, tax_rate) VALUES ('ad1fafae-fdad-4eb9-8376-0c78f2149ec8', 'a0000000-0000-0000-0000-000000000001', 'c1000000-0000-0000-0000-000000000007', 'GL-BLACK', 'Gel Liner Black', 'جل لاينر Black', 'gl-black', 4000, 2000, 'simple', true, 'active', true, 10, 14.00);
INSERT INTO catalog.products (id, tenant_id, category_id, sku, name, name_ar, slug, base_price, cost_price, product_type, is_active, status, track_inventory, low_stock_threshold, tax_rate) VALUES ('fa183db5-a9a2-422d-9aa2-43887c4db9f7', 'a0000000-0000-0000-0000-000000000001', 'c1000000-0000-0000-0000-000000000007', 'GL-DARK-BROWN', 'Gel Liner Dark Brown', 'جل لاينر Dark Brown', 'gl-dark-brown', 4000, 2000, 'simple', true, 'active', true, 10, 14.00);
INSERT INTO catalog.products (id, tenant_id, category_id, sku, name, name_ar, slug, base_price, cost_price, product_type, is_active, status, track_inventory, low_stock_threshold, tax_rate) VALUES ('ce4389b8-9ff3-472b-a66c-adc3c02b5f8a', 'a0000000-0000-0000-0000-000000000001', 'c1000000-0000-0000-0000-000000000007', 'GL-LIGHT-BROWN', 'Gel Liner Light Brown', 'جل لاينر Light Brown', 'gl-light-brown', 4000, 2000, 'simple', true, 'active', true, 10, 14.00);
INSERT INTO catalog.products (id, tenant_id, category_id, sku, name, name_ar, slug, base_price, cost_price, product_type, is_active, status, track_inventory, low_stock_threshold, tax_rate) VALUES ('d67e07b8-ebe7-4d2e-82c9-1b08809d8881', 'a0000000-0000-0000-0000-000000000001', 'c1000000-0000-0000-0000-000000000007', 'GL-GREEN', 'Gel Liner Green', 'جل لاينر Green', 'gl-green', 4000, 2000, 'simple', true, 'active', true, 10, 14.00);
INSERT INTO catalog.products (id, tenant_id, category_id, sku, name, name_ar, slug, base_price, cost_price, product_type, is_active, status, track_inventory, low_stock_threshold, tax_rate) VALUES ('e8242294-a5eb-4dde-a608-d4092ec0461b', 'a0000000-0000-0000-0000-000000000001', 'c1000000-0000-0000-0000-000000000008', 'WEB-SOFT-BLACK', 'White Brow Pencil Soft Black', 'قلم حواجب أبيض Soft Black', 'web-soft-black', 3500, 1800, 'simple', true, 'active', true, 10, 14.00);
INSERT INTO catalog.products (id, tenant_id, category_id, sku, name, name_ar, slug, base_price, cost_price, product_type, is_active, status, track_inventory, low_stock_threshold, tax_rate) VALUES ('b32f8cd3-7bab-4d0b-8215-884b849859d0', 'a0000000-0000-0000-0000-000000000001', 'c1000000-0000-0000-0000-000000000008', 'WEB-LIGHT-BROWN', 'White Brow Pencil Light Brown', 'قلم حواجب أبيض Light Brown', 'web-light-brown', 3500, 1800, 'simple', true, 'active', true, 10, 14.00);
INSERT INTO catalog.products (id, tenant_id, category_id, sku, name, name_ar, slug, base_price, cost_price, product_type, is_active, status, track_inventory, low_stock_threshold, tax_rate) VALUES ('4a1aadb3-81c1-4dd5-a72c-26c320d534bd', 'a0000000-0000-0000-0000-000000000001', 'c1000000-0000-0000-0000-000000000008', 'WEB-MEDIUM-BROWN', 'White Brow Pencil Medium Brown', 'قلم حواجب أبيض Medium Brown', 'web-medium-brown', 3500, 1800, 'simple', true, 'active', true, 10, 14.00);
INSERT INTO catalog.products (id, tenant_id, category_id, sku, name, name_ar, slug, base_price, cost_price, product_type, is_active, status, track_inventory, low_stock_threshold, tax_rate) VALUES ('3e5eaaa1-66e4-441f-855b-c699509fc2da', 'a0000000-0000-0000-0000-000000000001', 'c1000000-0000-0000-0000-000000000008', 'WEB-DEEP-BROWN', 'White Brow Pencil Deep Brown', 'قلم حواجب أبيض Deep Brown', 'web-deep-brown', 3500, 1800, 'simple', true, 'active', true, 10, 14.00);
INSERT INTO catalog.products (id, tenant_id, category_id, sku, name, name_ar, slug, base_price, cost_price, product_type, is_active, status, track_inventory, low_stock_threshold, tax_rate) VALUES ('51c5679b-5f5d-4ee9-aab3-93559a814ad3', 'a0000000-0000-0000-0000-000000000001', 'c1000000-0000-0000-0000-000000000009', 'GEB-DARK-BROWN', 'Gold Brow Pencil Dark Brown', 'قلم حواجب ذهبي Dark Brown', 'geb-dark-brown', 3500, 1800, 'simple', true, 'active', true, 10, 14.00);
INSERT INTO catalog.products (id, tenant_id, category_id, sku, name, name_ar, slug, base_price, cost_price, product_type, is_active, status, track_inventory, low_stock_threshold, tax_rate) VALUES ('1c4bd70e-bf75-4ac0-b2fb-5e50e09c9438', 'a0000000-0000-0000-0000-000000000001', 'c1000000-0000-0000-0000-000000000009', 'GEB-LIGHT-BROWN', 'Gold Brow Pencil Light Brown', 'قلم حواجب ذهبي Light Brown', 'geb-light-brown', 3500, 1800, 'simple', true, 'active', true, 10, 14.00);
INSERT INTO catalog.products (id, tenant_id, category_id, sku, name, name_ar, slug, base_price, cost_price, product_type, is_active, status, track_inventory, low_stock_threshold, tax_rate) VALUES ('fa6b2e54-39e0-418e-8419-29d75b53d4d1', 'a0000000-0000-0000-0000-000000000001', 'c1000000-0000-0000-0000-000000000009', 'GEB-BLACK', 'Gold Brow Pencil Black', 'قلم حواجب ذهبي Black', 'geb-black', 3500, 1800, 'simple', true, 'active', true, 10, 14.00);
INSERT INTO catalog.products (id, tenant_id, category_id, sku, name, name_ar, slug, base_price, cost_price, product_type, is_active, status, track_inventory, low_stock_threshold, tax_rate) VALUES ('848fa7cf-dac9-4bcb-83f5-3423ce400756', 'a0000000-0000-0000-0000-000000000001', 'c1000000-0000-0000-0000-000000000009', 'GEB-KHAKI', 'Gold Brow Pencil Khaki', 'قلم حواجب ذهبي Khaki', 'geb-khaki', 3500, 1800, 'simple', true, 'active', true, 10, 14.00);
INSERT INTO catalog.products (id, tenant_id, category_id, sku, name, name_ar, slug, base_price, cost_price, product_type, is_active, status, track_inventory, low_stock_threshold, tax_rate) VALUES ('f5b2b551-b79a-474e-9bdb-5786790dae30', 'a0000000-0000-0000-0000-000000000001', 'c1000000-0000-0000-0000-00000000000a', 'GLT-H46', 'Glitter H46', 'جليتر H46', 'glt-h46', 2500, 1200, 'simple', true, 'active', true, 10, 14.00);
INSERT INTO catalog.products (id, tenant_id, category_id, sku, name, name_ar, slug, base_price, cost_price, product_type, is_active, status, track_inventory, low_stock_threshold, tax_rate) VALUES ('8d276d1d-dd51-45d6-92b4-217cdce4f4e6', 'a0000000-0000-0000-0000-000000000001', 'c1000000-0000-0000-0000-00000000000a', 'GLT-H45', 'Glitter H45', 'جليتر H45', 'glt-h45', 2500, 1200, 'simple', true, 'active', true, 10, 14.00);
INSERT INTO catalog.products (id, tenant_id, category_id, sku, name, name_ar, slug, base_price, cost_price, product_type, is_active, status, track_inventory, low_stock_threshold, tax_rate) VALUES ('51c4bb61-35cd-4c91-ba06-f4097b842e97', 'a0000000-0000-0000-0000-000000000001', 'c1000000-0000-0000-0000-00000000000a', 'GLT-H40', 'Glitter H40', 'جليتر H40', 'glt-h40', 2500, 1200, 'simple', true, 'active', true, 10, 14.00);
INSERT INTO catalog.products (id, tenant_id, category_id, sku, name, name_ar, slug, base_price, cost_price, product_type, is_active, status, track_inventory, low_stock_threshold, tax_rate) VALUES ('7cda745f-9172-449a-baae-0e9ffacb9059', 'a0000000-0000-0000-0000-000000000001', 'c1000000-0000-0000-0000-00000000000a', 'GLT-H48', 'Glitter H48', 'جليتر H48', 'glt-h48', 2500, 1200, 'simple', true, 'active', true, 10, 14.00);
INSERT INTO catalog.products (id, tenant_id, category_id, sku, name, name_ar, slug, base_price, cost_price, product_type, is_active, status, track_inventory, low_stock_threshold, tax_rate) VALUES ('7616e5f9-ded9-4fce-9b81-a4cfa7896e72', 'a0000000-0000-0000-0000-000000000001', 'c1000000-0000-0000-0000-00000000000a', 'GLT-H10', 'Glitter H10', 'جليتر H10', 'glt-h10', 2500, 1200, 'simple', true, 'active', true, 10, 14.00);
INSERT INTO catalog.products (id, tenant_id, category_id, sku, name, name_ar, slug, base_price, cost_price, product_type, is_active, status, track_inventory, low_stock_threshold, tax_rate) VALUES ('aa20a668-41d0-4f47-a03a-0c6f71d2ba0c', 'a0000000-0000-0000-0000-000000000001', 'c1000000-0000-0000-0000-00000000000a', 'GLT-H42', 'Glitter H42', 'جليتر H42', 'glt-h42', 2500, 1200, 'simple', true, 'active', true, 10, 14.00);
INSERT INTO catalog.products (id, tenant_id, category_id, sku, name, name_ar, slug, base_price, cost_price, product_type, is_active, status, track_inventory, low_stock_threshold, tax_rate) VALUES ('2ac485ce-a42f-4ab1-bd92-53627f2b74db', 'a0000000-0000-0000-0000-000000000001', 'c1000000-0000-0000-0000-00000000000a', 'GLT-H47', 'Glitter H47', 'جليتر H47', 'glt-h47', 2500, 1200, 'simple', true, 'active', true, 10, 14.00);
INSERT INTO catalog.products (id, tenant_id, category_id, sku, name, name_ar, slug, base_price, cost_price, product_type, is_active, status, track_inventory, low_stock_threshold, tax_rate) VALUES ('c42d3a54-c931-4e25-a961-24e4940ab182', 'a0000000-0000-0000-0000-000000000001', 'c1000000-0000-0000-0000-00000000000a', 'GLT-H49', 'Glitter H49', 'جليتر H49', 'glt-h49', 2500, 1200, 'simple', true, 'active', true, 10, 14.00);
INSERT INTO catalog.products (id, tenant_id, category_id, sku, name, name_ar, slug, base_price, cost_price, product_type, is_active, status, track_inventory, low_stock_threshold, tax_rate) VALUES ('f28b8d49-0cb7-4dd4-a385-78180afc9f7c', 'a0000000-0000-0000-0000-000000000001', 'c1000000-0000-0000-0000-00000000000a', 'GLT-H2', 'Glitter H2', 'جليتر H2', 'glt-h2', 2500, 1200, 'simple', true, 'active', true, 10, 14.00);
INSERT INTO catalog.products (id, tenant_id, category_id, sku, name, name_ar, slug, base_price, cost_price, product_type, is_active, status, track_inventory, low_stock_threshold, tax_rate) VALUES ('a95cb315-87af-46b2-bb5d-68e28835d2d3', 'a0000000-0000-0000-0000-000000000001', 'c1000000-0000-0000-0000-00000000000a', 'GLT-H36', 'Glitter H36', 'جليتر H36', 'glt-h36', 2500, 1200, 'simple', true, 'active', true, 10, 14.00);
INSERT INTO catalog.products (id, tenant_id, category_id, sku, name, name_ar, slug, base_price, cost_price, product_type, is_active, status, track_inventory, low_stock_threshold, tax_rate) VALUES ('2ba071fd-ac57-42d7-98bf-da6ad3e12c27', 'a0000000-0000-0000-0000-000000000001', 'c1000000-0000-0000-0000-00000000000a', 'GLT-H21', 'Glitter H21', 'جليتر H21', 'glt-h21', 2500, 1200, 'simple', true, 'active', true, 10, 14.00);
INSERT INTO catalog.products (id, tenant_id, category_id, sku, name, name_ar, slug, base_price, cost_price, product_type, is_active, status, track_inventory, low_stock_threshold, tax_rate) VALUES ('760352d1-8bc9-413d-b0c5-76e8a01e2967', 'a0000000-0000-0000-0000-000000000001', 'c1000000-0000-0000-0000-00000000000a', 'GLT-H34', 'Glitter H34', 'جليتر H34', 'glt-h34', 2500, 1200, 'simple', true, 'active', true, 10, 14.00);
INSERT INTO catalog.products (id, tenant_id, category_id, sku, name, name_ar, slug, base_price, cost_price, product_type, is_active, status, track_inventory, low_stock_threshold, tax_rate) VALUES ('2c301d48-e259-406d-934d-f4dbe5b58ef0', 'a0000000-0000-0000-0000-000000000001', 'c1000000-0000-0000-0000-00000000000a', 'GLT-H13', 'Glitter H13', 'جليتر H13', 'glt-h13', 2500, 1200, 'simple', true, 'active', true, 10, 14.00);
INSERT INTO catalog.products (id, tenant_id, category_id, sku, name, name_ar, slug, base_price, cost_price, product_type, is_active, status, track_inventory, low_stock_threshold, tax_rate) VALUES ('31ac667f-153c-4edf-b5bd-22187fa93ce5', 'a0000000-0000-0000-0000-000000000001', 'c1000000-0000-0000-0000-00000000000a', 'GLT-H17', 'Glitter H17', 'جليتر H17', 'glt-h17', 2500, 1200, 'simple', true, 'active', true, 10, 14.00);
INSERT INTO catalog.products (id, tenant_id, category_id, sku, name, name_ar, slug, base_price, cost_price, product_type, is_active, status, track_inventory, low_stock_threshold, tax_rate) VALUES ('242275ea-ccf8-4964-b93d-faf171dbd28b', 'a0000000-0000-0000-0000-000000000001', 'c1000000-0000-0000-0000-00000000000a', 'GLT-H4', 'Glitter H4', 'جليتر H4', 'glt-h4', 2500, 1200, 'simple', true, 'active', true, 10, 14.00);
INSERT INTO catalog.products (id, tenant_id, category_id, sku, name, name_ar, slug, base_price, cost_price, product_type, is_active, status, track_inventory, low_stock_threshold, tax_rate) VALUES ('6623cdb1-fe91-43f7-b404-4015b557028d', 'a0000000-0000-0000-0000-000000000001', 'c1000000-0000-0000-0000-00000000000a', 'GLT-H1', 'Glitter H1', 'جليتر H1', 'glt-h1', 2500, 1200, 'simple', true, 'active', true, 10, 14.00);
INSERT INTO catalog.products (id, tenant_id, category_id, sku, name, name_ar, slug, base_price, cost_price, product_type, is_active, status, track_inventory, low_stock_threshold, tax_rate) VALUES ('4d97e1e4-8404-4a35-9c3c-05813b8ab173', 'a0000000-0000-0000-0000-000000000001', 'c1000000-0000-0000-0000-00000000000a', 'GLT-H12', 'Glitter H12', 'جليتر H12', 'glt-h12', 2500, 1200, 'simple', true, 'active', true, 10, 14.00);
INSERT INTO catalog.products (id, tenant_id, category_id, sku, name, name_ar, slug, base_price, cost_price, product_type, is_active, status, track_inventory, low_stock_threshold, tax_rate) VALUES ('1550509e-3072-4f15-abeb-8924cdc84bec', 'a0000000-0000-0000-0000-000000000001', 'c1000000-0000-0000-0000-00000000000a', 'GLT-H11', 'Glitter H11', 'جليتر H11', 'glt-h11', 2500, 1200, 'simple', true, 'active', true, 10, 14.00);
INSERT INTO catalog.products (id, tenant_id, category_id, sku, name, name_ar, slug, base_price, cost_price, product_type, is_active, status, track_inventory, low_stock_threshold, tax_rate) VALUES ('bcd32534-5eb6-445e-9eca-b4ce0a3d00ab', 'a0000000-0000-0000-0000-000000000001', 'c1000000-0000-0000-0000-00000000000a', 'GLT-H16', 'Glitter H16', 'جليتر H16', 'glt-h16', 2500, 1200, 'simple', true, 'active', true, 10, 14.00);
INSERT INTO catalog.products (id, tenant_id, category_id, sku, name, name_ar, slug, base_price, cost_price, product_type, is_active, status, track_inventory, low_stock_threshold, tax_rate) VALUES ('bf700710-4ad2-459a-8b30-63bca9a7005c', 'a0000000-0000-0000-0000-000000000001', 'c1000000-0000-0000-0000-00000000000a', 'GLT-H7', 'Glitter H7', 'جليتر H7', 'glt-h7', 2500, 1200, 'simple', true, 'active', true, 10, 14.00);
INSERT INTO catalog.products (id, tenant_id, category_id, sku, name, name_ar, slug, base_price, cost_price, product_type, is_active, status, track_inventory, low_stock_threshold, tax_rate) VALUES ('765c7016-5499-4b39-9ccc-61e779f6ebce', 'a0000000-0000-0000-0000-000000000001', 'c1000000-0000-0000-0000-00000000000a', 'GLT-H8', 'Glitter H8', 'جليتر H8', 'glt-h8', 2500, 1200, 'simple', true, 'active', true, 10, 14.00);
INSERT INTO catalog.products (id, tenant_id, category_id, sku, name, name_ar, slug, base_price, cost_price, product_type, is_active, status, track_inventory, low_stock_threshold, tax_rate) VALUES ('47a40100-6627-4571-a232-ccc9764f918e', 'a0000000-0000-0000-0000-000000000001', 'c1000000-0000-0000-0000-00000000000a', 'GLT-H3', 'Glitter H3', 'جليتر H3', 'glt-h3', 2500, 1200, 'simple', true, 'active', true, 10, 14.00);
INSERT INTO catalog.products (id, tenant_id, category_id, sku, name, name_ar, slug, base_price, cost_price, product_type, is_active, status, track_inventory, low_stock_threshold, tax_rate) VALUES ('805499cc-f81f-4ea1-9370-ce4aa89b14f6', 'a0000000-0000-0000-0000-000000000001', 'c1000000-0000-0000-0000-00000000000a', 'GLT-H0', 'Glitter H0', 'جليتر H0', 'glt-h0', 2500, 1200, 'simple', true, 'active', true, 10, 14.00);
INSERT INTO catalog.products (id, tenant_id, category_id, sku, name, name_ar, slug, base_price, cost_price, product_type, is_active, status, track_inventory, low_stock_threshold, tax_rate) VALUES ('379df682-aabf-4521-848d-32c9a63deef6', 'a0000000-0000-0000-0000-000000000001', 'c1000000-0000-0000-0000-00000000000b', 'TBS-PKT', 'Triangle Burgundy Sponge', 'إسفنجة مثلث بورجندي', 'tbs-pkt', 2000, 1000, 'simple', true, 'active', true, 10, 14.00);
INSERT INTO catalog.products (id, tenant_id, category_id, sku, name, name_ar, slug, base_price, cost_price, product_type, is_active, status, track_inventory, low_stock_threshold, tax_rate) VALUES ('bf8f4a64-5af4-49dc-a316-2b3fd90555c6', 'a0000000-0000-0000-0000-000000000001', 'c1000000-0000-0000-0000-00000000000c', 'LSH-SF140', 'Lashes sf140', 'رموش sf140', 'lsh-sf140', 3000, 1500, 'simple', true, 'active', true, 10, 14.00);
INSERT INTO catalog.products (id, tenant_id, category_id, sku, name, name_ar, slug, base_price, cost_price, product_type, is_active, status, track_inventory, low_stock_threshold, tax_rate) VALUES ('270d534c-3b57-4d4b-9315-9b423ad32f51', 'a0000000-0000-0000-0000-000000000001', 'c1000000-0000-0000-0000-00000000000c', 'LSH-SF136', 'Lashes sf136', 'رموش sf136', 'lsh-sf136', 3000, 1500, 'simple', true, 'active', true, 10, 14.00);
INSERT INTO catalog.products (id, tenant_id, category_id, sku, name, name_ar, slug, base_price, cost_price, product_type, is_active, status, track_inventory, low_stock_threshold, tax_rate) VALUES ('e7b2fe37-43b8-4da2-978f-7963742d1fb3', 'a0000000-0000-0000-0000-000000000001', 'c1000000-0000-0000-0000-00000000000c', 'LSH-SF30', 'Lashes sf30', 'رموش sf30', 'lsh-sf30', 3000, 1500, 'simple', true, 'active', true, 10, 14.00);
INSERT INTO catalog.products (id, tenant_id, category_id, sku, name, name_ar, slug, base_price, cost_price, product_type, is_active, status, track_inventory, low_stock_threshold, tax_rate) VALUES ('8db23cc4-b172-4c49-89be-0c31951dee16', 'a0000000-0000-0000-0000-000000000001', 'c1000000-0000-0000-0000-00000000000c', 'LSH-SF106', 'Lashes sf106', 'رموش sf106', 'lsh-sf106', 3000, 1500, 'simple', true, 'active', true, 10, 14.00);
INSERT INTO catalog.products (id, tenant_id, category_id, sku, name, name_ar, slug, base_price, cost_price, product_type, is_active, status, track_inventory, low_stock_threshold, tax_rate) VALUES ('52071439-2922-4325-ab8e-51dd649e8f53', 'a0000000-0000-0000-0000-000000000001', 'c1000000-0000-0000-0000-00000000000c', 'LSH-SF103', 'Lashes sf103', 'رموش sf103', 'lsh-sf103', 3000, 1500, 'simple', true, 'active', true, 10, 14.00);
INSERT INTO catalog.products (id, tenant_id, category_id, sku, name, name_ar, slug, base_price, cost_price, product_type, is_active, status, track_inventory, low_stock_threshold, tax_rate) VALUES ('5a22806a-d42b-4665-a3d9-a50304196604', 'a0000000-0000-0000-0000-000000000001', 'c1000000-0000-0000-0000-00000000000c', 'LSH-SF21', 'Lashes sf21', 'رموش sf21', 'lsh-sf21', 3000, 1500, 'simple', true, 'active', true, 10, 14.00);
INSERT INTO catalog.products (id, tenant_id, category_id, sku, name, name_ar, slug, base_price, cost_price, product_type, is_active, status, track_inventory, low_stock_threshold, tax_rate) VALUES ('521206e2-e41d-46e5-a042-a076fcd94d75', 'a0000000-0000-0000-0000-000000000001', 'c1000000-0000-0000-0000-00000000000c', 'LSH-SF138', 'Lashes sf138', 'رموش sf138', 'lsh-sf138', 3000, 1500, 'simple', true, 'active', true, 10, 14.00);
INSERT INTO catalog.products (id, tenant_id, category_id, sku, name, name_ar, slug, base_price, cost_price, product_type, is_active, status, track_inventory, low_stock_threshold, tax_rate) VALUES ('51eb74eb-5cfe-462e-92d7-57ca050dd9a9', 'a0000000-0000-0000-0000-000000000001', 'c1000000-0000-0000-0000-00000000000c', 'LSH-SF20', 'Lashes sf20', 'رموش sf20', 'lsh-sf20', 3000, 1500, 'simple', true, 'active', true, 10, 14.00);
INSERT INTO catalog.products (id, tenant_id, category_id, sku, name, name_ar, slug, base_price, cost_price, product_type, is_active, status, track_inventory, low_stock_threshold, tax_rate) VALUES ('d6ddb560-2912-4bce-ad7f-2b691678c464', 'a0000000-0000-0000-0000-000000000001', 'c1000000-0000-0000-0000-00000000000c', 'LSH-SF10', 'Lashes sf10', 'رموش sf10', 'lsh-sf10', 3000, 1500, 'simple', true, 'active', true, 10, 14.00);
INSERT INTO catalog.products (id, tenant_id, category_id, sku, name, name_ar, slug, base_price, cost_price, product_type, is_active, status, track_inventory, low_stock_threshold, tax_rate) VALUES ('64f4f6d5-d884-4f9b-9872-4a8bfad446f6', 'a0000000-0000-0000-0000-000000000001', 'c1000000-0000-0000-0000-00000000000c', 'LSH-SF104', 'Lashes sf104', 'رموش sf104', 'lsh-sf104', 3000, 1500, 'simple', true, 'active', true, 10, 14.00);
INSERT INTO catalog.products (id, tenant_id, category_id, sku, name, name_ar, slug, base_price, cost_price, product_type, is_active, status, track_inventory, low_stock_threshold, tax_rate) VALUES ('93807b52-d2cd-418b-a3f1-1c91144e1483', 'a0000000-0000-0000-0000-000000000001', 'c1000000-0000-0000-0000-00000000000c', 'LSH-SF135', 'Lashes sf135', 'رموش sf135', 'lsh-sf135', 3000, 1500, 'simple', true, 'active', true, 10, 14.00);
INSERT INTO catalog.products (id, tenant_id, category_id, sku, name, name_ar, slug, base_price, cost_price, product_type, is_active, status, track_inventory, low_stock_threshold, tax_rate) VALUES ('b37de133-cf90-4f79-bbb2-8b2b3cd7e4aa', 'a0000000-0000-0000-0000-000000000001', 'c1000000-0000-0000-0000-00000000000c', 'LSH-SF22', 'Lashes sf22', 'رموش sf22', 'lsh-sf22', 3000, 1500, 'simple', true, 'active', true, 10, 14.00);
INSERT INTO catalog.products (id, tenant_id, category_id, sku, name, name_ar, slug, base_price, cost_price, product_type, is_active, status, track_inventory, low_stock_threshold, tax_rate) VALUES ('2b557e2b-1279-4a3c-b382-3b4ddeb72390', 'a0000000-0000-0000-0000-000000000001', 'c1000000-0000-0000-0000-00000000000c', 'LSH-SF102', 'Lashes sf102', 'رموش sf102', 'lsh-sf102', 3000, 1500, 'simple', true, 'active', true, 10, 14.00);
INSERT INTO catalog.products (id, tenant_id, category_id, sku, name, name_ar, slug, base_price, cost_price, product_type, is_active, status, track_inventory, low_stock_threshold, tax_rate) VALUES ('eeeafd6e-818b-47fb-a414-97482e8044b7', 'a0000000-0000-0000-0000-000000000001', 'c1000000-0000-0000-0000-00000000000c', 'LSH-SF32', 'Lashes sf32', 'رموش sf32', 'lsh-sf32', 3000, 1500, 'simple', true, 'active', true, 10, 14.00);
INSERT INTO catalog.products (id, tenant_id, category_id, sku, name, name_ar, slug, base_price, cost_price, product_type, is_active, status, track_inventory, low_stock_threshold, tax_rate) VALUES ('48879e04-c0b6-4279-8980-02974a438fe4', 'a0000000-0000-0000-0000-000000000001', 'c1000000-0000-0000-0000-00000000000c', 'LSH-SF134', 'Lashes sf134', 'رموش sf134', 'lsh-sf134', 3000, 1500, 'simple', true, 'active', true, 10, 14.00);
INSERT INTO catalog.products (id, tenant_id, category_id, sku, name, name_ar, slug, base_price, cost_price, product_type, is_active, status, track_inventory, low_stock_threshold, tax_rate) VALUES ('a419e24f-77da-4ee8-9ede-8a69f055c2e4', 'a0000000-0000-0000-0000-000000000001', 'c1000000-0000-0000-0000-00000000000c', 'LSH-SF108', 'Lashes sf108', 'رموش sf108', 'lsh-sf108', 3000, 1500, 'simple', true, 'active', true, 10, 14.00);
INSERT INTO catalog.products (id, tenant_id, category_id, sku, name, name_ar, slug, base_price, cost_price, product_type, is_active, status, track_inventory, low_stock_threshold, tax_rate) VALUES ('fa56180d-7364-46d1-890b-710cf9549bef', 'a0000000-0000-0000-0000-000000000001', 'c1000000-0000-0000-0000-00000000000c', 'LSH-SF207', 'Lashes sf207', 'رموش sf207', 'lsh-sf207', 3000, 1500, 'simple', true, 'active', true, 10, 14.00);
INSERT INTO catalog.products (id, tenant_id, category_id, sku, name, name_ar, slug, base_price, cost_price, product_type, is_active, status, track_inventory, low_stock_threshold, tax_rate) VALUES ('f165accf-794b-4a24-83a9-da17fd846a07', 'a0000000-0000-0000-0000-000000000001', 'c1000000-0000-0000-0000-00000000000c', 'LSH-SF107', 'Lashes sf107', 'رموش sf107', 'lsh-sf107', 3000, 1500, 'simple', true, 'active', true, 10, 14.00);
INSERT INTO catalog.products (id, tenant_id, category_id, sku, name, name_ar, slug, base_price, cost_price, product_type, is_active, status, track_inventory, low_stock_threshold, tax_rate) VALUES ('47a14c15-e69d-4e6b-84e9-6c6a5c2df2a9', 'a0000000-0000-0000-0000-000000000001', 'c1000000-0000-0000-0000-00000000000c', 'LSH-SF112', 'Lashes sf112', 'رموش sf112', 'lsh-sf112', 3000, 1500, 'simple', true, 'active', true, 10, 14.00);
INSERT INTO catalog.products (id, tenant_id, category_id, sku, name, name_ar, slug, base_price, cost_price, product_type, is_active, status, track_inventory, low_stock_threshold, tax_rate) VALUES ('e8b17686-9869-440d-9b7a-85979e9bb49e', 'a0000000-0000-0000-0000-000000000001', 'c1000000-0000-0000-0000-00000000000c', 'LSH-SF201', 'Lashes sf201', 'رموش sf201', 'lsh-sf201', 3000, 1500, 'simple', true, 'active', true, 10, 14.00);
INSERT INTO catalog.products (id, tenant_id, category_id, sku, name, name_ar, slug, base_price, cost_price, product_type, is_active, status, track_inventory, low_stock_threshold, tax_rate) VALUES ('2b6e2daa-b689-46a4-ae1d-53e9e3daad42', 'a0000000-0000-0000-0000-000000000001', 'c1000000-0000-0000-0000-00000000000c', 'LSH-SF204', 'Lashes sf204', 'رموش sf204', 'lsh-sf204', 3000, 1500, 'simple', true, 'active', true, 10, 14.00);
INSERT INTO catalog.products (id, tenant_id, category_id, sku, name, name_ar, slug, base_price, cost_price, product_type, is_active, status, track_inventory, low_stock_threshold, tax_rate) VALUES ('440b115e-3771-4f4a-9e1c-ca630b02f1a8', 'a0000000-0000-0000-0000-000000000001', 'c1000000-0000-0000-0000-00000000000c', 'LSH-SRF01', 'Lashes srf01', 'رموش srf01', 'lsh-srf01', 3000, 1500, 'simple', true, 'active', true, 10, 14.00);
INSERT INTO catalog.products (id, tenant_id, category_id, sku, name, name_ar, slug, base_price, cost_price, product_type, is_active, status, track_inventory, low_stock_threshold, tax_rate) VALUES ('582e2f2a-e478-4cad-b658-e5d9ee506509', 'a0000000-0000-0000-0000-000000000001', 'c1000000-0000-0000-0000-00000000000c', 'LSH-SRF02', 'Lashes srf02', 'رموش srf02', 'lsh-srf02', 3000, 1500, 'simple', true, 'active', true, 10, 14.00);
INSERT INTO catalog.products (id, tenant_id, category_id, sku, name, name_ar, slug, base_price, cost_price, product_type, is_active, status, track_inventory, low_stock_threshold, tax_rate) VALUES ('fb4fa4a3-ba90-4497-b5da-01506d16c964', 'a0000000-0000-0000-0000-000000000001', 'c1000000-0000-0000-0000-00000000000c', 'LSH-SRF03', 'Lashes srf03', 'رموش srf03', 'lsh-srf03', 3000, 1500, 'simple', true, 'active', true, 10, 14.00);
INSERT INTO catalog.products (id, tenant_id, category_id, sku, name, name_ar, slug, base_price, cost_price, product_type, is_active, status, track_inventory, low_stock_threshold, tax_rate) VALUES ('1b8b3072-9f19-4f55-9be4-e67c3f82e6ae', 'a0000000-0000-0000-0000-000000000001', 'c1000000-0000-0000-0000-00000000000c', 'LSH-SRF04', 'Lashes srf04', 'رموش srf04', 'lsh-srf04', 3000, 1500, 'simple', true, 'active', true, 10, 14.00);
INSERT INTO catalog.products (id, tenant_id, category_id, sku, name, name_ar, slug, base_price, cost_price, product_type, is_active, status, track_inventory, low_stock_threshold, tax_rate) VALUES ('ffc3e59a-ed89-4f3c-8a9f-34ed3dfd9dba', 'a0000000-0000-0000-0000-000000000001', 'c1000000-0000-0000-0000-00000000000c', 'LSH-SRF05', 'Lashes srf05', 'رموش srf05', 'lsh-srf05', 3000, 1500, 'simple', true, 'active', true, 10, 14.00);
INSERT INTO catalog.products (id, tenant_id, category_id, sku, name, name_ar, slug, base_price, cost_price, product_type, is_active, status, track_inventory, low_stock_threshold, tax_rate) VALUES ('821692a5-3752-4b4d-94e0-24c63638e3db', 'a0000000-0000-0000-0000-000000000001', 'c1000000-0000-0000-0000-00000000000c', 'LSH-SRF06', 'Lashes srf06', 'رموش srf06', 'lsh-srf06', 3000, 1500, 'simple', true, 'active', true, 10, 14.00);
INSERT INTO catalog.products (id, tenant_id, category_id, sku, name, name_ar, slug, base_price, cost_price, product_type, is_active, status, track_inventory, low_stock_threshold, tax_rate) VALUES ('be6e85f1-a0ea-4e6d-a379-fec1ff594e0c', 'a0000000-0000-0000-0000-000000000001', 'c1000000-0000-0000-0000-00000000000c', 'LSH-SRF07', 'Lashes srf07', 'رموش srf07', 'lsh-srf07', 3000, 1500, 'simple', true, 'active', true, 10, 14.00);
INSERT INTO catalog.products (id, tenant_id, category_id, sku, name, name_ar, slug, base_price, cost_price, product_type, is_active, status, track_inventory, low_stock_threshold, tax_rate) VALUES ('178e4b55-3d3d-4462-b868-5fb7404f9883', 'a0000000-0000-0000-0000-000000000001', 'c1000000-0000-0000-0000-00000000000c', 'LSH-SRF08', 'Lashes srf08', 'رموش srf08', 'lsh-srf08', 3000, 1500, 'simple', true, 'active', true, 10, 14.00);
INSERT INTO catalog.products (id, tenant_id, category_id, sku, name, name_ar, slug, base_price, cost_price, product_type, is_active, status, track_inventory, low_stock_threshold, tax_rate) VALUES ('2c56a2bc-6218-4fe7-a5d6-f690bbf9603a', 'a0000000-0000-0000-0000-000000000001', 'c1000000-0000-0000-0000-00000000000c', 'LSH-SRF09', 'Lashes srf09', 'رموش srf09', 'lsh-srf09', 3000, 1500, 'simple', true, 'active', true, 10, 14.00);
INSERT INTO catalog.products (id, tenant_id, category_id, sku, name, name_ar, slug, base_price, cost_price, product_type, is_active, status, track_inventory, low_stock_threshold, tax_rate) VALUES ('851b9031-d788-457e-82f3-03301acaefcd', 'a0000000-0000-0000-0000-000000000001', 'c1000000-0000-0000-0000-00000000000c', 'LSH-SRF10', 'Lashes srf10', 'رموش srf10', 'lsh-srf10', 3000, 1500, 'simple', true, 'active', true, 10, 14.00);
INSERT INTO catalog.products (id, tenant_id, category_id, sku, name, name_ar, slug, base_price, cost_price, product_type, is_active, status, track_inventory, low_stock_threshold, tax_rate) VALUES ('b3f43a88-5c48-4de6-b9b5-b25573adcca2', 'a0000000-0000-0000-0000-000000000001', 'c1000000-0000-0000-0000-00000000000c', 'LSH-SRF11', 'Lashes srf11', 'رموش srf11', 'lsh-srf11', 3000, 1500, 'simple', true, 'active', true, 10, 14.00);
INSERT INTO catalog.products (id, tenant_id, category_id, sku, name, name_ar, slug, base_price, cost_price, product_type, is_active, status, track_inventory, low_stock_threshold, tax_rate) VALUES ('e59be15c-f8d1-4ccf-ad5e-60814964af31', 'a0000000-0000-0000-0000-000000000001', 'c1000000-0000-0000-0000-00000000000c', 'LSH-SRF12', 'Lashes srf12', 'رموش srf12', 'lsh-srf12', 3000, 1500, 'simple', true, 'active', true, 10, 14.00);
INSERT INTO catalog.products (id, tenant_id, category_id, sku, name, name_ar, slug, base_price, cost_price, product_type, is_active, status, track_inventory, low_stock_threshold, tax_rate) VALUES ('67d6deba-8f6b-40c2-8dd7-75f8a5678b31', 'a0000000-0000-0000-0000-000000000001', 'c1000000-0000-0000-0000-00000000000c', 'LSH-HD05', 'Lashes hd05', 'رموش hd05', 'lsh-hd05', 3000, 1500, 'simple', true, 'active', true, 10, 14.00);
INSERT INTO catalog.products (id, tenant_id, category_id, sku, name, name_ar, slug, base_price, cost_price, product_type, is_active, status, track_inventory, low_stock_threshold, tax_rate) VALUES ('806e6e6d-5969-4180-8bbc-8196952325a3', 'a0000000-0000-0000-0000-000000000001', 'c1000000-0000-0000-0000-00000000000c', 'LSH-AYLA', 'Lashes ayla', 'رموش ayla', 'lsh-ayla', 3000, 1500, 'simple', true, 'active', true, 10, 14.00);
INSERT INTO catalog.products (id, tenant_id, category_id, sku, name, name_ar, slug, base_price, cost_price, product_type, is_active, status, track_inventory, low_stock_threshold, tax_rate) VALUES ('64f92af0-6982-4afa-8a15-dc10202951d8', 'a0000000-0000-0000-0000-000000000001', 'c1000000-0000-0000-0000-00000000000c', 'LSH-LILI', 'Lashes LiLi', 'رموش LiLi', 'lsh-lili', 3000, 1500, 'simple', true, 'active', true, 10, 14.00);
INSERT INTO catalog.products (id, tenant_id, category_id, sku, name, name_ar, slug, base_price, cost_price, product_type, is_active, status, track_inventory, low_stock_threshold, tax_rate) VALUES ('7f0426c3-c730-4bf2-8563-e5a1e15be070', 'a0000000-0000-0000-0000-000000000001', 'c1000000-0000-0000-0000-00000000000c', 'LSH-S5', 'Lashes S5', 'رموش S5', 'lsh-s5', 3000, 1500, 'simple', true, 'active', true, 10, 14.00);
INSERT INTO catalog.products (id, tenant_id, category_id, sku, name, name_ar, slug, base_price, cost_price, product_type, is_active, status, track_inventory, low_stock_threshold, tax_rate) VALUES ('a33f052a-305f-4e36-88ca-d40bb167fc18', 'a0000000-0000-0000-0000-000000000001', 'c1000000-0000-0000-0000-00000000000c', 'LSH-1109', 'Lashes 1109', 'رموش 1109', 'lsh-1109', 3000, 1500, 'simple', true, 'active', true, 10, 14.00);
INSERT INTO catalog.products (id, tenant_id, category_id, sku, name, name_ar, slug, base_price, cost_price, product_type, is_active, status, track_inventory, low_stock_threshold, tax_rate) VALUES ('9b02f979-7e5e-4780-9cbf-0e7544a55c40', 'a0000000-0000-0000-0000-000000000001', 'c1000000-0000-0000-0000-00000000000c', 'LSH-3DHB31', 'Lashes 3DHB31', 'رموش 3DHB31', 'lsh-3dhb31', 3000, 1500, 'simple', true, 'active', true, 10, 14.00);
INSERT INTO catalog.products (id, tenant_id, category_id, sku, name, name_ar, slug, base_price, cost_price, product_type, is_active, status, track_inventory, low_stock_threshold, tax_rate) VALUES ('88f156aa-e3da-4eb8-8dc5-7ae22473d386', 'a0000000-0000-0000-0000-000000000001', 'c1000000-0000-0000-0000-00000000000c', 'LSH-RS', 'Lashes RS', 'رموش RS', 'lsh-rs', 3000, 1500, 'simple', true, 'active', true, 10, 14.00);
INSERT INTO catalog.products (id, tenant_id, category_id, sku, name, name_ar, slug, base_price, cost_price, product_type, is_active, status, track_inventory, low_stock_threshold, tax_rate) VALUES ('69594c1f-1f20-4a34-8ce8-e8aa6cd4e3a4', 'a0000000-0000-0000-0000-000000000001', 'c1000000-0000-0000-0000-00000000000c', 'LSH-PINKPKT', 'Lashes pink-pkt', 'رموش pink-pkt', 'lsh-pinkpkt', 3000, 1500, 'simple', true, 'active', true, 10, 14.00);
INSERT INTO catalog.products (id, tenant_id, category_id, sku, name, name_ar, slug, base_price, cost_price, product_type, is_active, status, track_inventory, low_stock_threshold, tax_rate) VALUES ('baddedc8-88db-4973-881f-a5d43eb0efce', 'a0000000-0000-0000-0000-000000000001', 'c1000000-0000-0000-0000-00000000000c', 'LSH-O2PKT', 'Lashes O2-pkt', 'رموش O2-pkt', 'lsh-o2pkt', 3000, 1500, 'simple', true, 'active', true, 10, 14.00);
INSERT INTO catalog.products (id, tenant_id, category_id, sku, name, name_ar, slug, base_price, cost_price, product_type, is_active, status, track_inventory, low_stock_threshold, tax_rate) VALUES ('e741fadb-464d-45f3-96c2-b7f096f118d2', 'a0000000-0000-0000-0000-000000000001', 'c1000000-0000-0000-0000-00000000000c', 'LSH-W1', 'Lashes w1', 'رموش w1', 'lsh-w1', 3000, 1500, 'simple', true, 'active', true, 10, 14.00);
INSERT INTO catalog.products (id, tenant_id, category_id, sku, name, name_ar, slug, base_price, cost_price, product_type, is_active, status, track_inventory, low_stock_threshold, tax_rate) VALUES ('b38eefb9-1d1e-40d9-853c-78254dbb10fb', 'a0000000-0000-0000-0000-000000000001', 'c1000000-0000-0000-0000-00000000000c', 'LSH-LSH1', 'Lashes LSH-1', 'رموش LSH-1', 'lsh-lsh1', 3000, 1500, 'simple', true, 'active', true, 10, 14.00);
INSERT INTO catalog.products (id, tenant_id, category_id, sku, name, name_ar, slug, base_price, cost_price, product_type, is_active, status, track_inventory, low_stock_threshold, tax_rate) VALUES ('09a50b06-d6cf-45b2-bb77-f7eb7b4474e9', 'a0000000-0000-0000-0000-000000000001', 'c1000000-0000-0000-0000-00000000000c', 'LSH-1125', 'Lashes 1125', 'رموش 1125', 'lsh-1125', 3000, 1500, 'simple', true, 'active', true, 10, 14.00);
INSERT INTO catalog.products (id, tenant_id, category_id, sku, name, name_ar, slug, base_price, cost_price, product_type, is_active, status, track_inventory, low_stock_threshold, tax_rate) VALUES ('a532183e-8c74-4af6-8d31-b976c13b6066', 'a0000000-0000-0000-0000-000000000001', 'c1000000-0000-0000-0000-00000000000c', 'LSH-81129', 'Lashes 81129', 'رموش 81129', 'lsh-81129', 3000, 1500, 'simple', true, 'active', true, 10, 14.00);
INSERT INTO catalog.products (id, tenant_id, category_id, sku, name, name_ar, slug, base_price, cost_price, product_type, is_active, status, track_inventory, low_stock_threshold, tax_rate) VALUES ('e8a375dc-e7b4-49e8-a7c6-67f96f263bad', 'a0000000-0000-0000-0000-000000000001', 'c1000000-0000-0000-0000-00000000000c', 'LSH-81128', 'Lashes 81128', 'رموش 81128', 'lsh-81128', 3000, 1500, 'simple', true, 'active', true, 10, 14.00);
INSERT INTO catalog.products (id, tenant_id, category_id, sku, name, name_ar, slug, base_price, cost_price, product_type, is_active, status, track_inventory, low_stock_threshold, tax_rate) VALUES ('aceb94bf-1cf4-4c15-9cef-4e4c2b97ebd0', 'a0000000-0000-0000-0000-000000000001', 'c1000000-0000-0000-0000-00000000000c', 'LSH-27', 'Lashes 27', 'رموش 27', 'lsh-27', 3000, 1500, 'simple', true, 'active', true, 10, 14.00);
INSERT INTO catalog.products (id, tenant_id, category_id, sku, name, name_ar, slug, base_price, cost_price, product_type, is_active, status, track_inventory, low_stock_threshold, tax_rate) VALUES ('00bde185-5aa2-479c-8a3e-740350566ecc', 'a0000000-0000-0000-0000-000000000001', 'c1000000-0000-0000-0000-00000000000c', 'LSH-PF07', 'Lashes pf07', 'رموش pf07', 'lsh-pf07', 3000, 1500, 'simple', true, 'active', true, 10, 14.00);
INSERT INTO catalog.products (id, tenant_id, category_id, sku, name, name_ar, slug, base_price, cost_price, product_type, is_active, status, track_inventory, low_stock_threshold, tax_rate) VALUES ('861df6a5-4b16-4c4e-ae10-f345e2c0f8df', 'a0000000-0000-0000-0000-000000000001', 'c1000000-0000-0000-0000-00000000000c', 'LSH-PKT4', 'Lashes pkt4', 'رموش pkt4', 'lsh-pkt4', 3000, 1500, 'simple', true, 'active', true, 10, 14.00);
INSERT INTO catalog.products (id, tenant_id, category_id, sku, name, name_ar, slug, base_price, cost_price, product_type, is_active, status, track_inventory, low_stock_threshold, tax_rate) VALUES ('7005f265-67d5-4903-b6bb-d98df0d06ec0', 'a0000000-0000-0000-0000-000000000001', 'c1000000-0000-0000-0000-00000000000c', 'LSH-3401', 'Lashes 3401', 'رموش 3401', 'lsh-3401', 3000, 1500, 'simple', true, 'active', true, 10, 14.00);
INSERT INTO catalog.products (id, tenant_id, category_id, sku, name, name_ar, slug, base_price, cost_price, product_type, is_active, status, track_inventory, low_stock_threshold, tax_rate) VALUES ('78efb9b8-2340-45d9-add8-d0dfd5527fda', 'a0000000-0000-0000-0000-000000000001', 'c1000000-0000-0000-0000-00000000000c', 'LSH-3409', 'Lashes 3409', 'رموش 3409', 'lsh-3409', 3000, 1500, 'simple', true, 'active', true, 10, 14.00);
INSERT INTO catalog.products (id, tenant_id, category_id, sku, name, name_ar, slug, base_price, cost_price, product_type, is_active, status, track_inventory, low_stock_threshold, tax_rate) VALUES ('68f9bb7e-2239-498d-a45e-1d39c8388144', 'a0000000-0000-0000-0000-000000000001', 'c1000000-0000-0000-0000-00000000000d', 'BH-COPPER', 'Blusher Highlighter Copper', 'بلاشر هايلايتر Copper', 'bh-copper', 8000, 4000, 'simple', true, 'active', true, 10, 14.00);
INSERT INTO catalog.products (id, tenant_id, category_id, sku, name, name_ar, slug, base_price, cost_price, product_type, is_active, status, track_inventory, low_stock_threshold, tax_rate) VALUES ('45a5c6ec-d9df-4956-8f8a-3b00620c76f5', 'a0000000-0000-0000-0000-000000000001', 'c1000000-0000-0000-0000-00000000000d', 'BH-PASSION', 'Blusher Highlighter Passion', 'بلاشر هايلايتر Passion', 'bh-passion', 8000, 4000, 'simple', true, 'active', true, 10, 14.00);
INSERT INTO catalog.products (id, tenant_id, category_id, sku, name, name_ar, slug, base_price, cost_price, product_type, is_active, status, track_inventory, low_stock_threshold, tax_rate) VALUES ('6ca7acbc-11a2-4126-a443-9fd430809e02', 'a0000000-0000-0000-0000-000000000001', 'c1000000-0000-0000-0000-00000000000d', 'BH-BABY', 'Blusher Highlighter Baby', 'بلاشر هايلايتر Baby', 'bh-baby', 8000, 4000, 'simple', true, 'active', true, 10, 14.00);
INSERT INTO catalog.products (id, tenant_id, category_id, sku, name, name_ar, slug, base_price, cost_price, product_type, is_active, status, track_inventory, low_stock_threshold, tax_rate) VALUES ('e360bc18-2cc9-45fb-9c2e-a85247967f4e', 'a0000000-0000-0000-0000-000000000001', 'c1000000-0000-0000-0000-00000000000d', 'BH-PRETTY', 'Blusher Highlighter Pretty', 'بلاشر هايلايتر Pretty', 'bh-pretty', 8000, 4000, 'simple', true, 'active', true, 10, 14.00);
INSERT INTO catalog.products (id, tenant_id, category_id, sku, name, name_ar, slug, base_price, cost_price, product_type, is_active, status, track_inventory, low_stock_threshold, tax_rate) VALUES ('61ddb4e2-f044-4710-9792-3bd4c35a10ef', 'a0000000-0000-0000-0000-000000000001', 'c1000000-0000-0000-0000-00000000000d', 'BH-MOOD', 'Blusher Highlighter Mood', 'بلاشر هايلايتر Mood', 'bh-mood', 8000, 4000, 'simple', true, 'active', true, 10, 14.00);
INSERT INTO catalog.products (id, tenant_id, category_id, sku, name, name_ar, slug, base_price, cost_price, product_type, is_active, status, track_inventory, low_stock_threshold, tax_rate) VALUES ('d8d908a8-d23d-4e58-a28c-7f1d54a6fd13', 'a0000000-0000-0000-0000-000000000001', 'c1000000-0000-0000-0000-00000000000e', 'BR-DLP', 'Double Liquid & Powder', 'فرشة سائل وبودرة', 'br-dlp', 6000, 3000, 'simple', true, 'active', true, 10, 14.00);
INSERT INTO catalog.products (id, tenant_id, category_id, sku, name, name_ar, slug, base_price, cost_price, product_type, is_active, status, track_inventory, low_stock_threshold, tax_rate) VALUES ('fd92b890-cc2a-4ddd-b3bb-a5a6ba6b80aa', 'a0000000-0000-0000-0000-000000000001', 'c1000000-0000-0000-0000-00000000000e', 'BR-BDB', 'Brown Double Blusher', 'فرشة بلاشر بني مزدوجة', 'br-bdb', 5500, 2750, 'simple', true, 'active', true, 10, 14.00);
INSERT INTO catalog.products (id, tenant_id, category_id, sku, name, name_ar, slug, base_price, cost_price, product_type, is_active, status, track_inventory, low_stock_threshold, tax_rate) VALUES ('452d0e0f-d1bd-4cf6-bb31-198c341888be', 'a0000000-0000-0000-0000-000000000001', 'c1000000-0000-0000-0000-00000000000e', 'BR-GHBB', 'Goat Hair Black Blusher', 'فرشة بلاشر شعر ماعز', 'br-ghbb', 7000, 3500, 'simple', true, 'active', true, 10, 14.00);
INSERT INTO catalog.products (id, tenant_id, category_id, sku, name, name_ar, slug, base_price, cost_price, product_type, is_active, status, track_inventory, low_stock_threshold, tax_rate) VALUES ('ce2d1673-88cb-4c08-af1a-0058637c75c0', 'a0000000-0000-0000-0000-000000000001', 'c1000000-0000-0000-0000-00000000000e', 'BR-GHBP', 'Goat Hair Black Powder', 'فرشة بودرة شعر ماعز', 'br-ghbp', 7000, 3500, 'simple', true, 'active', true, 10, 14.00);
INSERT INTO catalog.products (id, tenant_id, category_id, sku, name, name_ar, slug, base_price, cost_price, product_type, is_active, status, track_inventory, low_stock_threshold, tax_rate) VALUES ('42c49ed5-247e-4c44-9b2c-51acfd887858', 'a0000000-0000-0000-0000-000000000001', 'c1000000-0000-0000-0000-00000000000e', 'BR-GHCD', 'Goat Hair Contour Double', 'فرشة كونتور شعر ماعز', 'br-ghcd', 7500, 3750, 'simple', true, 'active', true, 10, 14.00);
INSERT INTO catalog.products (id, tenant_id, category_id, sku, name, name_ar, slug, base_price, cost_price, product_type, is_active, status, track_inventory, low_stock_threshold, tax_rate) VALUES ('f788c541-4f71-42fa-9154-7782dfc7f86f', 'a0000000-0000-0000-0000-000000000001', 'c1000000-0000-0000-0000-00000000000e', 'BR-JDBB', 'Jacob Double Black Brush', 'فرشة جاكوب سوداء مزدوجة', 'br-jdbb', 6000, 3000, 'simple', true, 'active', true, 10, 14.00);
INSERT INTO catalog.products (id, tenant_id, category_id, sku, name, name_ar, slug, base_price, cost_price, product_type, is_active, status, track_inventory, low_stock_threshold, tax_rate) VALUES ('76f6c936-442b-4ba5-8c99-e32462bb8a4d', 'a0000000-0000-0000-0000-000000000001', 'c1000000-0000-0000-0000-00000000000e', 'BR-BEBJ', 'Brush Eyebrow Black Jacob', 'فرشة حواجب جاكوب سوداء', 'br-bebj', 4000, 2000, 'simple', true, 'active', true, 10, 14.00);
INSERT INTO catalog.products (id, tenant_id, category_id, sku, name, name_ar, slug, base_price, cost_price, product_type, is_active, status, track_inventory, low_stock_threshold, tax_rate) VALUES ('111b41e0-d797-4609-bc3a-899925c048fb', 'a0000000-0000-0000-0000-000000000001', 'c1000000-0000-0000-0000-00000000000e', 'BR-MEL', 'Maasoma Eyeliner Brush', 'فرشة آيلاينر معصومة', 'br-mel', 4500, 2250, 'simple', true, 'active', true, 10, 14.00);
INSERT INTO catalog.products (id, tenant_id, category_id, sku, name, name_ar, slug, base_price, cost_price, product_type, is_active, status, track_inventory, low_stock_threshold, tax_rate) VALUES ('09b1ea6c-aeb9-40d2-98c6-55e4ce6526c5', 'a0000000-0000-0000-0000-000000000001', 'c1000000-0000-0000-0000-00000000000e', 'BR-JBE', 'Jacob Blend Eye Brush', 'فرشة بلند جاكوب', 'br-jbe', 5000, 2500, 'simple', true, 'active', true, 10, 14.00);
INSERT INTO catalog.products (id, tenant_id, category_id, sku, name, name_ar, slug, base_price, cost_price, product_type, is_active, status, track_inventory, low_stock_threshold, tax_rate) VALUES ('422e5e20-09ed-4330-b823-e6870608ab7b', 'a0000000-0000-0000-0000-000000000001', 'c1000000-0000-0000-0000-00000000000e', 'BR-BB28', 'Brown Brush 28', 'فرشة بني 28', 'br-bb28', 5000, 2500, 'simple', true, 'active', true, 10, 14.00);
INSERT INTO catalog.products (id, tenant_id, category_id, sku, name, name_ar, slug, base_price, cost_price, product_type, is_active, status, track_inventory, low_stock_threshold, tax_rate) VALUES ('4a116185-49e9-4bbd-b130-d9721b4fd5ad', 'a0000000-0000-0000-0000-000000000001', 'c1000000-0000-0000-0000-00000000000e', 'BR-UEB', 'Under Eye Brown Brush', 'فرشة تحت العين بني', 'br-ueb', 4500, 2250, 'simple', true, 'active', true, 10, 14.00);
INSERT INTO catalog.products (id, tenant_id, category_id, sku, name, name_ar, slug, base_price, cost_price, product_type, is_active, status, track_inventory, low_stock_threshold, tax_rate) VALUES ('fdbd0518-d9b0-4030-8e80-87a97b3066e8', 'a0000000-0000-0000-0000-000000000001', 'c1000000-0000-0000-0000-00000000000e', 'BR-NCB', 'Nose Contour Brush', 'فرشة كونتور أنف', 'br-ncb', 4000, 2000, 'simple', true, 'active', true, 10, 14.00);
INSERT INTO catalog.products (id, tenant_id, category_id, sku, name, name_ar, slug, base_price, cost_price, product_type, is_active, status, track_inventory, low_stock_threshold, tax_rate) VALUES ('233c0b1c-020c-4766-8992-991943c486b0', 'a0000000-0000-0000-0000-000000000001', 'c1000000-0000-0000-0000-00000000000e', 'BR-BGEB', 'Big Gold Eye Brow Brush', 'فرشة حواجب ذهبية كبيرة', 'br-bgeb', 6000, 3000, 'simple', true, 'active', true, 10, 14.00);
INSERT INTO catalog.products (id, tenant_id, category_id, sku, name, name_ar, slug, base_price, cost_price, product_type, is_active, status, track_inventory, low_stock_threshold, tax_rate) VALUES ('1b87e215-61e1-4b0e-bb53-054f1fef9457', 'a0000000-0000-0000-0000-000000000001', 'c1000000-0000-0000-0000-00000000000e', 'BR-SGB', 'Silicon Glitter Brush', 'فرشة سيليكون جليتر', 'br-sgb', 3500, 1750, 'simple', true, 'active', true, 10, 14.00);
INSERT INTO catalog.products (id, tenant_id, category_id, sku, name, name_ar, slug, base_price, cost_price, product_type, is_active, status, track_inventory, low_stock_threshold, tax_rate) VALUES ('48da4348-8de3-4182-9452-3b2cfeccc958', 'a0000000-0000-0000-0000-000000000001', 'c1000000-0000-0000-0000-00000000000e', 'BR-SEB', 'Small Eyebrow Black', 'فرشة حواجب صغيرة سوداء', 'br-seb', 3000, 1500, 'simple', true, 'active', true, 10, 14.00);
INSERT INTO catalog.products (id, tenant_id, category_id, sku, name, name_ar, slug, base_price, cost_price, product_type, is_active, status, track_inventory, low_stock_threshold, tax_rate) VALUES ('d43652ea-1310-4251-82bb-183d4e1647ce', 'a0000000-0000-0000-0000-000000000001', 'c1000000-0000-0000-0000-00000000000e', 'BR-LEB', 'Large Eyebrow Black', 'فرشة حواجب كبيرة سوداء', 'br-leb', 4000, 2000, 'simple', true, 'active', true, 10, 14.00);
INSERT INTO catalog.products (id, tenant_id, category_id, sku, name, name_ar, slug, base_price, cost_price, product_type, is_active, status, track_inventory, low_stock_threshold, tax_rate) VALUES ('b23faf20-b001-47c1-a4f5-f0324ce1271b', 'a0000000-0000-0000-0000-000000000001', 'c1000000-0000-0000-0000-00000000000e', 'BR-CCBL', 'Cut Cares Black Large', 'فرشة قص كبيرة سوداء', 'br-ccbl', 5000, 2500, 'simple', true, 'active', true, 10, 14.00);
INSERT INTO catalog.products (id, tenant_id, category_id, sku, name, name_ar, slug, base_price, cost_price, product_type, is_active, status, track_inventory, low_stock_threshold, tax_rate) VALUES ('e7fe3075-9d1c-4fea-ab16-93c8237a8fa9', 'a0000000-0000-0000-0000-000000000001', 'c1000000-0000-0000-0000-00000000000e', 'BR-CCBS', 'Cut Cares Black Small', 'فرشة قص صغيرة سوداء', 'br-ccbs', 4000, 2000, 'simple', true, 'active', true, 10, 14.00);
INSERT INTO catalog.products (id, tenant_id, category_id, sku, name, name_ar, slug, base_price, cost_price, product_type, is_active, status, track_inventory, low_stock_threshold, tax_rate) VALUES ('39408225-b1b3-4aa7-8262-ad330853b15c', 'a0000000-0000-0000-0000-000000000001', 'c1000000-0000-0000-0000-00000000000f', 'SET-DALIA', 'Dalia Brush Set', 'طقم فرش داليا', 'set-dalia', 25000, 12500, 'simple', true, 'active', true, 10, 14.00);
INSERT INTO catalog.products (id, tenant_id, category_id, sku, name, name_ar, slug, base_price, cost_price, product_type, is_active, status, track_inventory, low_stock_threshold, tax_rate) VALUES ('111bc5ba-79bb-4771-9813-d250d296ef9f', 'a0000000-0000-0000-0000-000000000001', 'c1000000-0000-0000-0000-00000000000f', 'SET-FACE-BRN', 'Face Brown Brush Set', 'طقم فرش وجه بني', 'set-face-brn', 18000, 9000, 'simple', true, 'active', true, 10, 14.00);
INSERT INTO catalog.products (id, tenant_id, category_id, sku, name, name_ar, slug, base_price, cost_price, product_type, is_active, status, track_inventory, low_stock_threshold, tax_rate) VALUES ('be749eb5-e382-439b-ad56-0f8592191be8', 'a0000000-0000-0000-0000-000000000001', 'c1000000-0000-0000-0000-00000000000f', 'SET-SILVER', 'Silver Brush Set', 'طقم فرش فضي', 'set-silver', 20000, 10000, 'simple', true, 'active', true, 10, 14.00);
INSERT INTO catalog.products (id, tenant_id, category_id, sku, name, name_ar, slug, base_price, cost_price, product_type, is_active, status, track_inventory, low_stock_threshold, tax_rate) VALUES ('9382834f-0540-4397-aaba-1a4ad67592fe', 'a0000000-0000-0000-0000-000000000001', 'c1000000-0000-0000-0000-00000000000f', 'SET-ESRAA', 'Esraa Elshaaer Brush Set', 'طقم فرش إسراء الشاعر', 'set-esraa', 22000, 11000, 'simple', true, 'active', true, 10, 14.00);
INSERT INTO catalog.products (id, tenant_id, category_id, sku, name, name_ar, slug, base_price, cost_price, product_type, is_active, status, track_inventory, low_stock_threshold, tax_rate) VALUES ('9ee14ac2-66c1-4610-81f7-18348aafba3b', 'a0000000-0000-0000-0000-000000000001', 'c1000000-0000-0000-0000-00000000000f', 'SET-PINK', 'Pink Brush Set', 'طقم فرش وردي', 'set-pink', 18000, 9000, 'simple', true, 'active', true, 10, 14.00);
INSERT INTO catalog.products (id, tenant_id, category_id, sku, name, name_ar, slug, base_price, cost_price, product_type, is_active, status, track_inventory, low_stock_threshold, tax_rate) VALUES ('836d1b96-52f8-4681-a9df-7ba1cef26c6a', 'a0000000-0000-0000-0000-000000000001', 'c1000000-0000-0000-0000-00000000000f', 'SET-JCB-GRN', 'Jacob Green Brush Set', 'طقم فرش جاكوب أخضر', 'set-jcb-grn', 20000, 10000, 'simple', true, 'active', true, 10, 14.00);
INSERT INTO catalog.products (id, tenant_id, category_id, sku, name, name_ar, slug, base_price, cost_price, product_type, is_active, status, track_inventory, low_stock_threshold, tax_rate) VALUES ('87e10f15-87f3-4060-9786-dd2428797fce', 'a0000000-0000-0000-0000-000000000001', 'c1000000-0000-0000-0000-00000000000f', 'SET-YELLOW', 'Yellow Brush Set', 'طقم فرش أصفر', 'set-yellow', 18000, 9000, 'simple', true, 'active', true, 10, 14.00);
INSERT INTO catalog.products (id, tenant_id, category_id, sku, name, name_ar, slug, base_price, cost_price, product_type, is_active, status, track_inventory, low_stock_threshold, tax_rate) VALUES ('171f3964-65dc-4bb2-83c6-9433a940d3c3', 'a0000000-0000-0000-0000-000000000001', 'c1000000-0000-0000-0000-00000000000f', 'SET-EYE-BLK7', 'Eye Set Black 7pc', 'طقم عين أسود 7 قطع', 'set-eye-blk7', 15000, 7500, 'simple', true, 'active', true, 10, 14.00);
INSERT INTO catalog.products (id, tenant_id, category_id, sku, name, name_ar, slug, base_price, cost_price, product_type, is_active, status, track_inventory, low_stock_threshold, tax_rate) VALUES ('41b4af5d-fed8-417c-aee9-61ba311c425f', 'a0000000-0000-0000-0000-000000000001', 'c1000000-0000-0000-0000-00000000000f', 'SET-BLK-33P', 'Black Brush Set 33pc', 'طقم فرش أسود 33 قطعة', 'set-blk-33p', 45000, 22500, 'simple', true, 'active', true, 10, 14.00);

-- Step 4: Insert stock levels from physical count (04/06/2026)
INSERT INTO inventory.stock_levels (id, tenant_id, product_id, warehouse_id, qty_on_hand) VALUES ('d42a3b67-d179-4f2e-8851-4a06a4f03b73', 'a0000000-0000-0000-0000-000000000001', '9431d5b4-beb3-40bd-9f6f-df7cd6f7c03d', '20000000-0000-0000-0000-000000000001', 45);
INSERT INTO inventory.stock_levels (id, tenant_id, product_id, warehouse_id, qty_on_hand) VALUES ('43cfad77-d36a-495b-910d-a8b23b231ae7', 'a0000000-0000-0000-0000-000000000001', '18277122-fa76-4001-b2e7-7f435bd61f69', '20000000-0000-0000-0000-000000000001', 29);
INSERT INTO inventory.stock_levels (id, tenant_id, product_id, warehouse_id, qty_on_hand) VALUES ('105d70bb-d249-4f8f-b90b-5ba95f36d07c', 'a0000000-0000-0000-0000-000000000001', '7e18baea-276b-49c5-9736-fb345e6a0fa8', '20000000-0000-0000-0000-000000000001', 8);
INSERT INTO inventory.stock_levels (id, tenant_id, product_id, warehouse_id, qty_on_hand) VALUES ('b9d17664-e4ff-4c0a-896e-b4d658e712b2', 'a0000000-0000-0000-0000-000000000001', '1eb150c1-7a9d-4532-a0f8-c7d402344af3', '20000000-0000-0000-0000-000000000001', 29);
INSERT INTO inventory.stock_levels (id, tenant_id, product_id, warehouse_id, qty_on_hand) VALUES ('5ac4f303-afd0-4632-87e9-f23f500c61c9', 'a0000000-0000-0000-0000-000000000001', '72bab1ba-797b-4f5d-b1f9-68ed6dbd392a', '20000000-0000-0000-0000-000000000001', 31);
INSERT INTO inventory.stock_levels (id, tenant_id, product_id, warehouse_id, qty_on_hand) VALUES ('495b5fcb-3808-4a25-8bda-1491c9198f33', 'a0000000-0000-0000-0000-000000000001', 'b32a2a0b-e4fa-497e-9ec7-544bf46e178e', '20000000-0000-0000-0000-000000000001', 50);
INSERT INTO inventory.stock_levels (id, tenant_id, product_id, warehouse_id, qty_on_hand) VALUES ('09ecb204-9c96-4c29-8dfc-f9d18d9201a0', 'a0000000-0000-0000-0000-000000000001', '792fd29c-46b8-4f58-b0e9-d3be6a3b369f', '20000000-0000-0000-0000-000000000001', 79);
INSERT INTO inventory.stock_levels (id, tenant_id, product_id, warehouse_id, qty_on_hand) VALUES ('6ba2dabb-c0ff-4b3a-a1a0-936b4e4d630f', 'a0000000-0000-0000-0000-000000000001', '00aff1c2-b61b-458e-b4d4-87f5cee28d8b', '20000000-0000-0000-0000-000000000001', 66);
INSERT INTO inventory.stock_levels (id, tenant_id, product_id, warehouse_id, qty_on_hand) VALUES ('df8ebc04-3c8f-4a9e-8f7e-8422358bea2e', 'a0000000-0000-0000-0000-000000000001', '7c019489-eecb-4236-8741-d3f4f46996a5', '20000000-0000-0000-0000-000000000001', 39);
INSERT INTO inventory.stock_levels (id, tenant_id, product_id, warehouse_id, qty_on_hand) VALUES ('a3d5e5c3-a9c1-4705-a59b-d6ab45fe1b2c', 'a0000000-0000-0000-0000-000000000001', 'f11694d0-02f2-45d1-b9de-c917d3b54ed2', '20000000-0000-0000-0000-000000000001', 65);
INSERT INTO inventory.stock_levels (id, tenant_id, product_id, warehouse_id, qty_on_hand) VALUES ('b3e3f858-3180-4737-a499-08897bcba0d3', 'a0000000-0000-0000-0000-000000000001', '373e6718-5238-408b-a3a0-aa9a2611786d', '20000000-0000-0000-0000-000000000001', 7);
INSERT INTO inventory.stock_levels (id, tenant_id, product_id, warehouse_id, qty_on_hand) VALUES ('bdf9dc64-37c5-4e84-8e32-efca41327c39', 'a0000000-0000-0000-0000-000000000001', 'c4a4fe4d-005a-45d1-a7f9-d0d5ed8fee6d', '20000000-0000-0000-0000-000000000001', 58);
INSERT INTO inventory.stock_levels (id, tenant_id, product_id, warehouse_id, qty_on_hand) VALUES ('7e02612f-b70d-4176-bc1b-a3bfb3ee3bbd', 'a0000000-0000-0000-0000-000000000001', '6d1718cb-a230-4292-9e7a-a23cf2534ebb', '20000000-0000-0000-0000-000000000001', 49);
INSERT INTO inventory.stock_levels (id, tenant_id, product_id, warehouse_id, qty_on_hand) VALUES ('8a2b6a17-f83b-465f-b8c0-7ceb38006842', 'a0000000-0000-0000-0000-000000000001', 'a8e702ef-8d24-46fc-abf3-21ad31af07f5', '20000000-0000-0000-0000-000000000001', 156);
INSERT INTO inventory.stock_levels (id, tenant_id, product_id, warehouse_id, qty_on_hand) VALUES ('0157c20b-f522-4e03-b8f9-044bfd6b3cd6', 'a0000000-0000-0000-0000-000000000001', '113d0ffc-4cf9-4767-ae8b-64ee333fbdc1', '20000000-0000-0000-0000-000000000001', 83);
INSERT INTO inventory.stock_levels (id, tenant_id, product_id, warehouse_id, qty_on_hand) VALUES ('25a2bce7-26ec-4543-bc64-56b24f41b934', 'a0000000-0000-0000-0000-000000000001', '3129f4ce-4287-43b8-bb17-fec256863cbe', '20000000-0000-0000-0000-000000000001', 57);
INSERT INTO inventory.stock_levels (id, tenant_id, product_id, warehouse_id, qty_on_hand) VALUES ('ec21358b-a015-47fd-8c30-d37338c69f25', 'a0000000-0000-0000-0000-000000000001', 'cc1e7811-7868-4ddf-9d95-f315edb4c501', '20000000-0000-0000-0000-000000000001', 1);
INSERT INTO inventory.stock_levels (id, tenant_id, product_id, warehouse_id, qty_on_hand) VALUES ('6c09537c-5d7e-40d5-a5ee-2618d7403643', 'a0000000-0000-0000-0000-000000000001', 'ad85bd74-cc42-41d6-9198-a207e35ec6a3', '20000000-0000-0000-0000-000000000001', 86);
INSERT INTO inventory.stock_levels (id, tenant_id, product_id, warehouse_id, qty_on_hand) VALUES ('f7ea2406-84ae-4a5b-b11e-5eb4d764fe6b', 'a0000000-0000-0000-0000-000000000001', 'e7f87e52-1307-45f9-83eb-b43b55147102', '20000000-0000-0000-0000-000000000001', 218);
INSERT INTO inventory.stock_levels (id, tenant_id, product_id, warehouse_id, qty_on_hand) VALUES ('95ac6dba-3a20-43a7-8097-58b74034f9cc', 'a0000000-0000-0000-0000-000000000001', '5947db82-8d15-445d-a773-eb5f33c75f23', '20000000-0000-0000-0000-000000000001', 99);
INSERT INTO inventory.stock_levels (id, tenant_id, product_id, warehouse_id, qty_on_hand) VALUES ('35dd436c-7a10-4601-bdcd-9a8b708e0ce7', 'a0000000-0000-0000-0000-000000000001', 'a27d616d-3df1-4743-98af-c65bcfa16db0', '20000000-0000-0000-0000-000000000001', 122);
INSERT INTO inventory.stock_levels (id, tenant_id, product_id, warehouse_id, qty_on_hand) VALUES ('c4b457ed-fd73-40a3-b533-ed20f983b8ba', 'a0000000-0000-0000-0000-000000000001', 'e89a8e9e-51f2-4280-9512-0d0ecbd84efd', '20000000-0000-0000-0000-000000000001', 14);
INSERT INTO inventory.stock_levels (id, tenant_id, product_id, warehouse_id, qty_on_hand) VALUES ('c96e417b-38e2-4d77-b996-e1ba0f7e9b0c', 'a0000000-0000-0000-0000-000000000001', '686692f7-34e8-4085-b0de-7103733e68fd', '20000000-0000-0000-0000-000000000001', 25);
INSERT INTO inventory.stock_levels (id, tenant_id, product_id, warehouse_id, qty_on_hand) VALUES ('1b6cf68d-4912-40b5-b2e7-027f04c3f05e', 'a0000000-0000-0000-0000-000000000001', 'f387908f-e512-4ef2-8b64-0e831de5126f', '20000000-0000-0000-0000-000000000001', 85);
INSERT INTO inventory.stock_levels (id, tenant_id, product_id, warehouse_id, qty_on_hand) VALUES ('a2ac7b1a-c238-47c9-925c-314f0e327160', 'a0000000-0000-0000-0000-000000000001', 'e74f4fe5-aea3-4a2f-ae35-6172c9471f78', '20000000-0000-0000-0000-000000000001', 862);
INSERT INTO inventory.stock_levels (id, tenant_id, product_id, warehouse_id, qty_on_hand) VALUES ('9bfb2ab5-4f8b-4b57-9ce1-6383f4f5440f', 'a0000000-0000-0000-0000-000000000001', '502e5135-d7bb-4126-b4ab-de1c77da0712', '20000000-0000-0000-0000-000000000001', 578);
INSERT INTO inventory.stock_levels (id, tenant_id, product_id, warehouse_id, qty_on_hand) VALUES ('c401b99e-e1a7-4c2c-9d4d-8f2dfd3bfe29', 'a0000000-0000-0000-0000-000000000001', '995ed034-abc2-468d-a4ce-997a24d7654f', '20000000-0000-0000-0000-000000000001', 433);
INSERT INTO inventory.stock_levels (id, tenant_id, product_id, warehouse_id, qty_on_hand) VALUES ('9f7287ab-2224-4cef-82cc-e99c62c5d040', 'a0000000-0000-0000-0000-000000000001', '15e4b9c2-0e70-4220-a07a-5cfe90bbff89', '20000000-0000-0000-0000-000000000001', 274);
INSERT INTO inventory.stock_levels (id, tenant_id, product_id, warehouse_id, qty_on_hand) VALUES ('15b7df3a-a265-4d30-acbd-7d6644f34f2d', 'a0000000-0000-0000-0000-000000000001', '898c00c8-7676-4a61-ba57-d14d2201f562', '20000000-0000-0000-0000-000000000001', 504);
INSERT INTO inventory.stock_levels (id, tenant_id, product_id, warehouse_id, qty_on_hand) VALUES ('3a9386a1-8cf3-4996-bc70-e894af78b52e', 'a0000000-0000-0000-0000-000000000001', 'f817b052-e587-40e7-a5fb-3ce031a9b54c', '20000000-0000-0000-0000-000000000001', 250);
INSERT INTO inventory.stock_levels (id, tenant_id, product_id, warehouse_id, qty_on_hand) VALUES ('66b4212f-3337-48f1-8d44-9cd930cbadbd', 'a0000000-0000-0000-0000-000000000001', '9994e3e4-5b1b-4999-a429-da234f59bf26', '20000000-0000-0000-0000-000000000001', 478);
INSERT INTO inventory.stock_levels (id, tenant_id, product_id, warehouse_id, qty_on_hand) VALUES ('bc21d14c-62ec-43ae-95b6-ea5c3cdf2251', 'a0000000-0000-0000-0000-000000000001', '4f719c60-deb4-4e07-808e-e29cc48aef2c', '20000000-0000-0000-0000-000000000001', 141);
INSERT INTO inventory.stock_levels (id, tenant_id, product_id, warehouse_id, qty_on_hand) VALUES ('f64c13cc-f368-497d-9c8e-22875cd575d6', 'a0000000-0000-0000-0000-000000000001', 'c113ac27-0a9f-4458-b30e-fbd488b62c02', '20000000-0000-0000-0000-000000000001', 82);
INSERT INTO inventory.stock_levels (id, tenant_id, product_id, warehouse_id, qty_on_hand) VALUES ('21958937-84c7-4ef1-a9f3-5700e1a6dd03', 'a0000000-0000-0000-0000-000000000001', 'f57d9855-c2b7-49e4-9419-aa5596611aae', '20000000-0000-0000-0000-000000000001', 214);
INSERT INTO inventory.stock_levels (id, tenant_id, product_id, warehouse_id, qty_on_hand) VALUES ('d727129e-c602-4afe-a8e6-8ff7d039b311', 'a0000000-0000-0000-0000-000000000001', '70ea125f-abbb-43e9-b6b3-ec85f7387ee4', '20000000-0000-0000-0000-000000000001', 39);
INSERT INTO inventory.stock_levels (id, tenant_id, product_id, warehouse_id, qty_on_hand) VALUES ('869c31e8-047d-4d2f-ad0a-f31b8e71a332', 'a0000000-0000-0000-0000-000000000001', 'af7bcb56-b1cd-49bf-8d9c-c7ab6d395a99', '20000000-0000-0000-0000-000000000001', 180);
INSERT INTO inventory.stock_levels (id, tenant_id, product_id, warehouse_id, qty_on_hand) VALUES ('feef25ab-98e9-4c8c-b965-dae43c13d397', 'a0000000-0000-0000-0000-000000000001', '972255bb-0d0f-4432-aa80-b4e7522609c0', '20000000-0000-0000-0000-000000000001', 379);
INSERT INTO inventory.stock_levels (id, tenant_id, product_id, warehouse_id, qty_on_hand) VALUES ('747242f9-c616-42dc-9370-a82d9bdf34f0', 'a0000000-0000-0000-0000-000000000001', '317ae5b4-aea4-420b-918a-f5e2654f7855', '20000000-0000-0000-0000-000000000001', 137);
INSERT INTO inventory.stock_levels (id, tenant_id, product_id, warehouse_id, qty_on_hand) VALUES ('5e63bd76-4762-44ab-b21d-e4683d055d5e', 'a0000000-0000-0000-0000-000000000001', '6dbb484b-83a3-45dd-bae9-4ea19cea33e4', '20000000-0000-0000-0000-000000000001', 1);
INSERT INTO inventory.stock_levels (id, tenant_id, product_id, warehouse_id, qty_on_hand) VALUES ('e08cc727-0eaf-4f25-aabc-fbe028bb6044', 'a0000000-0000-0000-0000-000000000001', 'd1871a34-b2f8-431d-a26c-65e8093f178a', '20000000-0000-0000-0000-000000000001', 142);
INSERT INTO inventory.stock_levels (id, tenant_id, product_id, warehouse_id, qty_on_hand) VALUES ('3394c423-ba98-41cc-8553-c843fecd0713', 'a0000000-0000-0000-0000-000000000001', 'ad1fafae-fdad-4eb9-8376-0c78f2149ec8', '20000000-0000-0000-0000-000000000001', 531);
INSERT INTO inventory.stock_levels (id, tenant_id, product_id, warehouse_id, qty_on_hand) VALUES ('3b2dc92d-4f25-4e7d-ad51-68197749f170', 'a0000000-0000-0000-0000-000000000001', 'fa183db5-a9a2-422d-9aa2-43887c4db9f7', '20000000-0000-0000-0000-000000000001', 501);
INSERT INTO inventory.stock_levels (id, tenant_id, product_id, warehouse_id, qty_on_hand) VALUES ('0d2b81b6-f357-41d2-be72-18f644cad7ae', 'a0000000-0000-0000-0000-000000000001', 'ce4389b8-9ff3-472b-a66c-adc3c02b5f8a', '20000000-0000-0000-0000-000000000001', 1141);
INSERT INTO inventory.stock_levels (id, tenant_id, product_id, warehouse_id, qty_on_hand) VALUES ('cd3c7b69-631d-4dd5-a3f6-b6bb199355a6', 'a0000000-0000-0000-0000-000000000001', 'd67e07b8-ebe7-4d2e-82c9-1b08809d8881', '20000000-0000-0000-0000-000000000001', 14);
INSERT INTO inventory.stock_levels (id, tenant_id, product_id, warehouse_id, qty_on_hand) VALUES ('0bef6743-063b-406b-b83f-19571826f0f2', 'a0000000-0000-0000-0000-000000000001', 'e8242294-a5eb-4dde-a608-d4092ec0461b', '20000000-0000-0000-0000-000000000001', 127);
INSERT INTO inventory.stock_levels (id, tenant_id, product_id, warehouse_id, qty_on_hand) VALUES ('75896787-7d94-45f8-9112-51a7f94e4e1b', 'a0000000-0000-0000-0000-000000000001', 'b32f8cd3-7bab-4d0b-8215-884b849859d0', '20000000-0000-0000-0000-000000000001', 20);
INSERT INTO inventory.stock_levels (id, tenant_id, product_id, warehouse_id, qty_on_hand) VALUES ('3e0e414b-4920-41ed-949f-7a9e356aaf5c', 'a0000000-0000-0000-0000-000000000001', '4a1aadb3-81c1-4dd5-a72c-26c320d534bd', '20000000-0000-0000-0000-000000000001', 16);
INSERT INTO inventory.stock_levels (id, tenant_id, product_id, warehouse_id, qty_on_hand) VALUES ('1f5de58c-8f04-42d1-89e3-e9c0e2e6b1fc', 'a0000000-0000-0000-0000-000000000001', '3e5eaaa1-66e4-441f-855b-c699509fc2da', '20000000-0000-0000-0000-000000000001', 80);
INSERT INTO inventory.stock_levels (id, tenant_id, product_id, warehouse_id, qty_on_hand) VALUES ('a9bde6d2-7afa-4d8b-8c62-b5130172711f', 'a0000000-0000-0000-0000-000000000001', '51c5679b-5f5d-4ee9-aab3-93559a814ad3', '20000000-0000-0000-0000-000000000001', 19);
INSERT INTO inventory.stock_levels (id, tenant_id, product_id, warehouse_id, qty_on_hand) VALUES ('e21886ae-f9e8-4af3-b2d4-234e28718ad9', 'a0000000-0000-0000-0000-000000000001', '1c4bd70e-bf75-4ac0-b2fb-5e50e09c9438', '20000000-0000-0000-0000-000000000001', 33);
INSERT INTO inventory.stock_levels (id, tenant_id, product_id, warehouse_id, qty_on_hand) VALUES ('d7893fd1-deab-4984-bd6a-cd4d00f0bbc7', 'a0000000-0000-0000-0000-000000000001', 'fa6b2e54-39e0-418e-8419-29d75b53d4d1', '20000000-0000-0000-0000-000000000001', 13);
INSERT INTO inventory.stock_levels (id, tenant_id, product_id, warehouse_id, qty_on_hand) VALUES ('b40aaa27-4f0b-4a0c-85d7-b7229749fad6', 'a0000000-0000-0000-0000-000000000001', '848fa7cf-dac9-4bcb-83f5-3423ce400756', '20000000-0000-0000-0000-000000000001', 47);
INSERT INTO inventory.stock_levels (id, tenant_id, product_id, warehouse_id, qty_on_hand) VALUES ('0610a250-dc0e-4d03-8736-9940c5f4ee0c', 'a0000000-0000-0000-0000-000000000001', 'f5b2b551-b79a-474e-9bdb-5786790dae30', '20000000-0000-0000-0000-000000000001', 38);
INSERT INTO inventory.stock_levels (id, tenant_id, product_id, warehouse_id, qty_on_hand) VALUES ('d71731e1-d8a9-4860-a63f-3fdad166df6b', 'a0000000-0000-0000-0000-000000000001', '8d276d1d-dd51-45d6-92b4-217cdce4f4e6', '20000000-0000-0000-0000-000000000001', 35);
INSERT INTO inventory.stock_levels (id, tenant_id, product_id, warehouse_id, qty_on_hand) VALUES ('ec9cddff-2cec-4177-a263-6a57f226705e', 'a0000000-0000-0000-0000-000000000001', '51c4bb61-35cd-4c91-ba06-f4097b842e97', '20000000-0000-0000-0000-000000000001', 64);
INSERT INTO inventory.stock_levels (id, tenant_id, product_id, warehouse_id, qty_on_hand) VALUES ('c4c6873f-47d7-49e4-a209-b3015454f3ce', 'a0000000-0000-0000-0000-000000000001', '7cda745f-9172-449a-baae-0e9ffacb9059', '20000000-0000-0000-0000-000000000001', 82);
INSERT INTO inventory.stock_levels (id, tenant_id, product_id, warehouse_id, qty_on_hand) VALUES ('54f54fee-9cd4-43f1-9b10-ec781555a287', 'a0000000-0000-0000-0000-000000000001', '7616e5f9-ded9-4fce-9b81-a4cfa7896e72', '20000000-0000-0000-0000-000000000001', 85);
INSERT INTO inventory.stock_levels (id, tenant_id, product_id, warehouse_id, qty_on_hand) VALUES ('9376ed01-66f0-4873-bc26-213faecd2728', 'a0000000-0000-0000-0000-000000000001', 'aa20a668-41d0-4f47-a03a-0c6f71d2ba0c', '20000000-0000-0000-0000-000000000001', 85);
INSERT INTO inventory.stock_levels (id, tenant_id, product_id, warehouse_id, qty_on_hand) VALUES ('c2153c57-8c81-43e5-ba06-e34ece43210d', 'a0000000-0000-0000-0000-000000000001', '2ac485ce-a42f-4ab1-bd92-53627f2b74db', '20000000-0000-0000-0000-000000000001', 95);
INSERT INTO inventory.stock_levels (id, tenant_id, product_id, warehouse_id, qty_on_hand) VALUES ('b2afa14b-194f-430e-b477-482f9def2b4d', 'a0000000-0000-0000-0000-000000000001', 'c42d3a54-c931-4e25-a961-24e4940ab182', '20000000-0000-0000-0000-000000000001', 67);
INSERT INTO inventory.stock_levels (id, tenant_id, product_id, warehouse_id, qty_on_hand) VALUES ('d6420b98-5e88-47f2-90e7-ede6fd74d1b3', 'a0000000-0000-0000-0000-000000000001', 'f28b8d49-0cb7-4dd4-a385-78180afc9f7c', '20000000-0000-0000-0000-000000000001', 125);
INSERT INTO inventory.stock_levels (id, tenant_id, product_id, warehouse_id, qty_on_hand) VALUES ('a517a54a-e9f2-4f6d-a260-b3818a3b6625', 'a0000000-0000-0000-0000-000000000001', 'a95cb315-87af-46b2-bb5d-68e28835d2d3', '20000000-0000-0000-0000-000000000001', 31);
INSERT INTO inventory.stock_levels (id, tenant_id, product_id, warehouse_id, qty_on_hand) VALUES ('42b9add6-0eb3-4597-a722-f9dbb17c0f6e', 'a0000000-0000-0000-0000-000000000001', '2ba071fd-ac57-42d7-98bf-da6ad3e12c27', '20000000-0000-0000-0000-000000000001', 29);
INSERT INTO inventory.stock_levels (id, tenant_id, product_id, warehouse_id, qty_on_hand) VALUES ('38a07f18-9198-41d5-8443-31a8b2ff5d9c', 'a0000000-0000-0000-0000-000000000001', '760352d1-8bc9-413d-b0c5-76e8a01e2967', '20000000-0000-0000-0000-000000000001', 1);
INSERT INTO inventory.stock_levels (id, tenant_id, product_id, warehouse_id, qty_on_hand) VALUES ('254a485e-6b94-40b6-89bf-e4c030f5e9f4', 'a0000000-0000-0000-0000-000000000001', '2c301d48-e259-406d-934d-f4dbe5b58ef0', '20000000-0000-0000-0000-000000000001', 70);
INSERT INTO inventory.stock_levels (id, tenant_id, product_id, warehouse_id, qty_on_hand) VALUES ('d726da8c-0d11-4f47-b3da-48025f892057', 'a0000000-0000-0000-0000-000000000001', '31ac667f-153c-4edf-b5bd-22187fa93ce5', '20000000-0000-0000-0000-000000000001', 33);
INSERT INTO inventory.stock_levels (id, tenant_id, product_id, warehouse_id, qty_on_hand) VALUES ('2c856f66-147e-4096-bd1c-7b287a0501b8', 'a0000000-0000-0000-0000-000000000001', '242275ea-ccf8-4964-b93d-faf171dbd28b', '20000000-0000-0000-0000-000000000001', 29);
INSERT INTO inventory.stock_levels (id, tenant_id, product_id, warehouse_id, qty_on_hand) VALUES ('456163e8-5a7b-45e3-af20-2b2f9b50bf98', 'a0000000-0000-0000-0000-000000000001', '6623cdb1-fe91-43f7-b404-4015b557028d', '20000000-0000-0000-0000-000000000001', 12);
INSERT INTO inventory.stock_levels (id, tenant_id, product_id, warehouse_id, qty_on_hand) VALUES ('245a72bf-b075-43bf-8608-c271833da6cb', 'a0000000-0000-0000-0000-000000000001', '4d97e1e4-8404-4a35-9c3c-05813b8ab173', '20000000-0000-0000-0000-000000000001', 7);
INSERT INTO inventory.stock_levels (id, tenant_id, product_id, warehouse_id, qty_on_hand) VALUES ('82096034-ff8c-4f68-959f-e2fde7fa3963', 'a0000000-0000-0000-0000-000000000001', '1550509e-3072-4f15-abeb-8924cdc84bec', '20000000-0000-0000-0000-000000000001', 5);
INSERT INTO inventory.stock_levels (id, tenant_id, product_id, warehouse_id, qty_on_hand) VALUES ('9433fb62-a6cb-4627-adde-538d6201fac2', 'a0000000-0000-0000-0000-000000000001', 'bcd32534-5eb6-445e-9eca-b4ce0a3d00ab', '20000000-0000-0000-0000-000000000001', 7);
INSERT INTO inventory.stock_levels (id, tenant_id, product_id, warehouse_id, qty_on_hand) VALUES ('72672ba9-3dac-4c2b-b829-8dc1f8a5d3b3', 'a0000000-0000-0000-0000-000000000001', 'bf700710-4ad2-459a-8b30-63bca9a7005c', '20000000-0000-0000-0000-000000000001', 1);
INSERT INTO inventory.stock_levels (id, tenant_id, product_id, warehouse_id, qty_on_hand) VALUES ('6b3e00fa-eb21-489d-9f15-4a7177e26681', 'a0000000-0000-0000-0000-000000000001', '765c7016-5499-4b39-9ccc-61e779f6ebce', '20000000-0000-0000-0000-000000000001', 6);
INSERT INTO inventory.stock_levels (id, tenant_id, product_id, warehouse_id, qty_on_hand) VALUES ('4bd26066-4ce4-4e1a-8950-19764304eaff', 'a0000000-0000-0000-0000-000000000001', '47a40100-6627-4571-a232-ccc9764f918e', '20000000-0000-0000-0000-000000000001', 23);
INSERT INTO inventory.stock_levels (id, tenant_id, product_id, warehouse_id, qty_on_hand) VALUES ('6af282f7-d49f-4af5-b3a6-c12c2a9cca90', 'a0000000-0000-0000-0000-000000000001', '805499cc-f81f-4ea1-9370-ce4aa89b14f6', '20000000-0000-0000-0000-000000000001', 8);
INSERT INTO inventory.stock_levels (id, tenant_id, product_id, warehouse_id, qty_on_hand) VALUES ('8ac7113b-3c4d-4774-9a47-ef4f9a0f3f3c', 'a0000000-0000-0000-0000-000000000001', '379df682-aabf-4521-848d-32c9a63deef6', '20000000-0000-0000-0000-000000000001', 51);
INSERT INTO inventory.stock_levels (id, tenant_id, product_id, warehouse_id, qty_on_hand) VALUES ('883bfc77-4483-455c-b822-17430e3e8cd5', 'a0000000-0000-0000-0000-000000000001', 'bf8f4a64-5af4-49dc-a316-2b3fd90555c6', '20000000-0000-0000-0000-000000000001', 44);
INSERT INTO inventory.stock_levels (id, tenant_id, product_id, warehouse_id, qty_on_hand) VALUES ('aa33a7ee-5dae-420e-9d30-43fcc5be334d', 'a0000000-0000-0000-0000-000000000001', '270d534c-3b57-4d4b-9315-9b423ad32f51', '20000000-0000-0000-0000-000000000001', 11);
INSERT INTO inventory.stock_levels (id, tenant_id, product_id, warehouse_id, qty_on_hand) VALUES ('dce20249-c875-4f9c-a934-d3a599a1f405', 'a0000000-0000-0000-0000-000000000001', 'e7b2fe37-43b8-4da2-978f-7963742d1fb3', '20000000-0000-0000-0000-000000000001', 148);
INSERT INTO inventory.stock_levels (id, tenant_id, product_id, warehouse_id, qty_on_hand) VALUES ('c894b961-00d9-4d10-8f77-826bbf1c362f', 'a0000000-0000-0000-0000-000000000001', '8db23cc4-b172-4c49-89be-0c31951dee16', '20000000-0000-0000-0000-000000000001', 4);
INSERT INTO inventory.stock_levels (id, tenant_id, product_id, warehouse_id, qty_on_hand) VALUES ('6a638b23-6c6a-4c1c-b0d1-79f076ee2b56', 'a0000000-0000-0000-0000-000000000001', '52071439-2922-4325-ab8e-51dd649e8f53', '20000000-0000-0000-0000-000000000001', 27);
INSERT INTO inventory.stock_levels (id, tenant_id, product_id, warehouse_id, qty_on_hand) VALUES ('69376016-ea5d-4a9c-bed1-3ca9ebf0a59e', 'a0000000-0000-0000-0000-000000000001', '5a22806a-d42b-4665-a3d9-a50304196604', '20000000-0000-0000-0000-000000000001', 2);
INSERT INTO inventory.stock_levels (id, tenant_id, product_id, warehouse_id, qty_on_hand) VALUES ('f23a20de-6c78-4abd-bc51-8ea86b27548b', 'a0000000-0000-0000-0000-000000000001', '521206e2-e41d-46e5-a042-a076fcd94d75', '20000000-0000-0000-0000-000000000001', 146);
INSERT INTO inventory.stock_levels (id, tenant_id, product_id, warehouse_id, qty_on_hand) VALUES ('1d688608-aeeb-4632-beac-8271b0e9d26f', 'a0000000-0000-0000-0000-000000000001', '51eb74eb-5cfe-462e-92d7-57ca050dd9a9', '20000000-0000-0000-0000-000000000001', 49);
INSERT INTO inventory.stock_levels (id, tenant_id, product_id, warehouse_id, qty_on_hand) VALUES ('39351d81-2d08-4dab-8f1a-cafe1943c92d', 'a0000000-0000-0000-0000-000000000001', 'd6ddb560-2912-4bce-ad7f-2b691678c464', '20000000-0000-0000-0000-000000000001', 44);
INSERT INTO inventory.stock_levels (id, tenant_id, product_id, warehouse_id, qty_on_hand) VALUES ('91c24ac6-4dff-4903-a007-d2e019fb6dc2', 'a0000000-0000-0000-0000-000000000001', '64f4f6d5-d884-4f9b-9872-4a8bfad446f6', '20000000-0000-0000-0000-000000000001', 7);
INSERT INTO inventory.stock_levels (id, tenant_id, product_id, warehouse_id, qty_on_hand) VALUES ('3b8ceb9c-5452-499c-b403-18c69cc513ab', 'a0000000-0000-0000-0000-000000000001', '93807b52-d2cd-418b-a3f1-1c91144e1483', '20000000-0000-0000-0000-000000000001', 59);
INSERT INTO inventory.stock_levels (id, tenant_id, product_id, warehouse_id, qty_on_hand) VALUES ('2e3d5c36-71d2-4918-abb4-f730502a1bd9', 'a0000000-0000-0000-0000-000000000001', 'b37de133-cf90-4f79-bbb2-8b2b3cd7e4aa', '20000000-0000-0000-0000-000000000001', 22);
INSERT INTO inventory.stock_levels (id, tenant_id, product_id, warehouse_id, qty_on_hand) VALUES ('72ebb2c4-04d4-4b0d-9667-b575e4c7f13a', 'a0000000-0000-0000-0000-000000000001', '2b557e2b-1279-4a3c-b382-3b4ddeb72390', '20000000-0000-0000-0000-000000000001', 32);
INSERT INTO inventory.stock_levels (id, tenant_id, product_id, warehouse_id, qty_on_hand) VALUES ('603057e5-995c-4600-aa33-f6ff6a31cd44', 'a0000000-0000-0000-0000-000000000001', 'eeeafd6e-818b-47fb-a414-97482e8044b7', '20000000-0000-0000-0000-000000000001', 45);
INSERT INTO inventory.stock_levels (id, tenant_id, product_id, warehouse_id, qty_on_hand) VALUES ('17976b17-ab5b-4ed9-ad76-260681bfde9c', 'a0000000-0000-0000-0000-000000000001', '48879e04-c0b6-4279-8980-02974a438fe4', '20000000-0000-0000-0000-000000000001', 35);
INSERT INTO inventory.stock_levels (id, tenant_id, product_id, warehouse_id, qty_on_hand) VALUES ('bfcecd37-7625-490b-928a-4204151e318d', 'a0000000-0000-0000-0000-000000000001', 'a419e24f-77da-4ee8-9ede-8a69f055c2e4', '20000000-0000-0000-0000-000000000001', 54);
INSERT INTO inventory.stock_levels (id, tenant_id, product_id, warehouse_id, qty_on_hand) VALUES ('2cf79d6c-e888-468c-9c19-46cfb09d8d29', 'a0000000-0000-0000-0000-000000000001', 'fa56180d-7364-46d1-890b-710cf9549bef', '20000000-0000-0000-0000-000000000001', 36);
INSERT INTO inventory.stock_levels (id, tenant_id, product_id, warehouse_id, qty_on_hand) VALUES ('3aa0cdb3-a682-40ff-a74b-a0fda8a2bab0', 'a0000000-0000-0000-0000-000000000001', 'f165accf-794b-4a24-83a9-da17fd846a07', '20000000-0000-0000-0000-000000000001', 3);
INSERT INTO inventory.stock_levels (id, tenant_id, product_id, warehouse_id, qty_on_hand) VALUES ('6a566438-efe2-4b5d-b7a0-0ab5d070b962', 'a0000000-0000-0000-0000-000000000001', '47a14c15-e69d-4e6b-84e9-6c6a5c2df2a9', '20000000-0000-0000-0000-000000000001', 2);
INSERT INTO inventory.stock_levels (id, tenant_id, product_id, warehouse_id, qty_on_hand) VALUES ('944678d0-88bd-48ed-9f2d-49b605e75eea', 'a0000000-0000-0000-0000-000000000001', 'e8b17686-9869-440d-9b7a-85979e9bb49e', '20000000-0000-0000-0000-000000000001', 2);
INSERT INTO inventory.stock_levels (id, tenant_id, product_id, warehouse_id, qty_on_hand) VALUES ('1f206938-744c-4cf1-aedd-7dddd94a614b', 'a0000000-0000-0000-0000-000000000001', '2b6e2daa-b689-46a4-ae1d-53e9e3daad42', '20000000-0000-0000-0000-000000000001', 1);
INSERT INTO inventory.stock_levels (id, tenant_id, product_id, warehouse_id, qty_on_hand) VALUES ('e565f230-9971-4f98-b8fd-6f570575f9e1', 'a0000000-0000-0000-0000-000000000001', '440b115e-3771-4f4a-9e1c-ca630b02f1a8', '20000000-0000-0000-0000-000000000001', 3);
INSERT INTO inventory.stock_levels (id, tenant_id, product_id, warehouse_id, qty_on_hand) VALUES ('92fc2fe8-aeb7-4b87-ae0d-fe28702bd12b', 'a0000000-0000-0000-0000-000000000001', '582e2f2a-e478-4cad-b658-e5d9ee506509', '20000000-0000-0000-0000-000000000001', 75);
INSERT INTO inventory.stock_levels (id, tenant_id, product_id, warehouse_id, qty_on_hand) VALUES ('2087d834-b8e8-40ae-8bad-be352f6acbf3', 'a0000000-0000-0000-0000-000000000001', 'fb4fa4a3-ba90-4497-b5da-01506d16c964', '20000000-0000-0000-0000-000000000001', 49);
INSERT INTO inventory.stock_levels (id, tenant_id, product_id, warehouse_id, qty_on_hand) VALUES ('812025bc-24cc-40cd-bfbf-8c8eb0760b03', 'a0000000-0000-0000-0000-000000000001', '1b8b3072-9f19-4f55-9be4-e67c3f82e6ae', '20000000-0000-0000-0000-000000000001', 170);
INSERT INTO inventory.stock_levels (id, tenant_id, product_id, warehouse_id, qty_on_hand) VALUES ('d2719ed9-c136-4ff2-8b17-e07310050f8e', 'a0000000-0000-0000-0000-000000000001', 'ffc3e59a-ed89-4f3c-8a9f-34ed3dfd9dba', '20000000-0000-0000-0000-000000000001', 121);
INSERT INTO inventory.stock_levels (id, tenant_id, product_id, warehouse_id, qty_on_hand) VALUES ('922b5519-93c5-451c-86b4-593c0085caef', 'a0000000-0000-0000-0000-000000000001', '821692a5-3752-4b4d-94e0-24c63638e3db', '20000000-0000-0000-0000-000000000001', 121);
INSERT INTO inventory.stock_levels (id, tenant_id, product_id, warehouse_id, qty_on_hand) VALUES ('62c4e454-5540-43d1-9140-8825dea56868', 'a0000000-0000-0000-0000-000000000001', 'be6e85f1-a0ea-4e6d-a379-fec1ff594e0c', '20000000-0000-0000-0000-000000000001', 413);
INSERT INTO inventory.stock_levels (id, tenant_id, product_id, warehouse_id, qty_on_hand) VALUES ('4db915bf-3e4a-4393-9f15-c4b9d94a0892', 'a0000000-0000-0000-0000-000000000001', '178e4b55-3d3d-4462-b868-5fb7404f9883', '20000000-0000-0000-0000-000000000001', 18);
INSERT INTO inventory.stock_levels (id, tenant_id, product_id, warehouse_id, qty_on_hand) VALUES ('4876f40c-94c3-4c7e-90bf-7bd2c575374f', 'a0000000-0000-0000-0000-000000000001', '2c56a2bc-6218-4fe7-a5d6-f690bbf9603a', '20000000-0000-0000-0000-000000000001', 149);
INSERT INTO inventory.stock_levels (id, tenant_id, product_id, warehouse_id, qty_on_hand) VALUES ('494ca988-42f0-4c47-8933-612eee2043b6', 'a0000000-0000-0000-0000-000000000001', '851b9031-d788-457e-82f3-03301acaefcd', '20000000-0000-0000-0000-000000000001', 95);
INSERT INTO inventory.stock_levels (id, tenant_id, product_id, warehouse_id, qty_on_hand) VALUES ('b439202d-000b-40f0-b0a8-9f1bf52fc9af', 'a0000000-0000-0000-0000-000000000001', 'b3f43a88-5c48-4de6-b9b5-b25573adcca2', '20000000-0000-0000-0000-000000000001', 149);
INSERT INTO inventory.stock_levels (id, tenant_id, product_id, warehouse_id, qty_on_hand) VALUES ('8d3a3c46-e8ca-482b-9782-2d099d93f45f', 'a0000000-0000-0000-0000-000000000001', 'e59be15c-f8d1-4ccf-ad5e-60814964af31', '20000000-0000-0000-0000-000000000001', 154);
INSERT INTO inventory.stock_levels (id, tenant_id, product_id, warehouse_id, qty_on_hand) VALUES ('b746500e-199e-43fb-8157-d535e6fbfb64', 'a0000000-0000-0000-0000-000000000001', '67d6deba-8f6b-40c2-8dd7-75f8a5678b31', '20000000-0000-0000-0000-000000000001', 50);
INSERT INTO inventory.stock_levels (id, tenant_id, product_id, warehouse_id, qty_on_hand) VALUES ('fc0558fd-51bd-482b-8ef9-401e634bbec1', 'a0000000-0000-0000-0000-000000000001', '806e6e6d-5969-4180-8bbc-8196952325a3', '20000000-0000-0000-0000-000000000001', 3);
INSERT INTO inventory.stock_levels (id, tenant_id, product_id, warehouse_id, qty_on_hand) VALUES ('4ee3b8a4-96b7-47c6-bccf-fd2c93295624', 'a0000000-0000-0000-0000-000000000001', '64f92af0-6982-4afa-8a15-dc10202951d8', '20000000-0000-0000-0000-000000000001', 1);
INSERT INTO inventory.stock_levels (id, tenant_id, product_id, warehouse_id, qty_on_hand) VALUES ('ce39f6cb-8bb5-4d3e-bf92-0a018a546d93', 'a0000000-0000-0000-0000-000000000001', '7f0426c3-c730-4bf2-8563-e5a1e15be070', '20000000-0000-0000-0000-000000000001', 5);
INSERT INTO inventory.stock_levels (id, tenant_id, product_id, warehouse_id, qty_on_hand) VALUES ('4161a92f-593a-4af3-b023-c01eedf7af8b', 'a0000000-0000-0000-0000-000000000001', 'a33f052a-305f-4e36-88ca-d40bb167fc18', '20000000-0000-0000-0000-000000000001', 1);
INSERT INTO inventory.stock_levels (id, tenant_id, product_id, warehouse_id, qty_on_hand) VALUES ('95871ffd-28aa-4cf8-a07b-5ad1a0b62b37', 'a0000000-0000-0000-0000-000000000001', '9b02f979-7e5e-4780-9cbf-0e7544a55c40', '20000000-0000-0000-0000-000000000001', 1);
INSERT INTO inventory.stock_levels (id, tenant_id, product_id, warehouse_id, qty_on_hand) VALUES ('6c761bea-642e-4890-88ab-b5260f02a605', 'a0000000-0000-0000-0000-000000000001', '88f156aa-e3da-4eb8-8dc5-7ae22473d386', '20000000-0000-0000-0000-000000000001', 7);
INSERT INTO inventory.stock_levels (id, tenant_id, product_id, warehouse_id, qty_on_hand) VALUES ('12f7901a-4232-4add-a1c9-a554d4e337d4', 'a0000000-0000-0000-0000-000000000001', '69594c1f-1f20-4a34-8ce8-e8aa6cd4e3a4', '20000000-0000-0000-0000-000000000001', 6);
INSERT INTO inventory.stock_levels (id, tenant_id, product_id, warehouse_id, qty_on_hand) VALUES ('88745e83-92b0-470a-884e-b63d8a37d93c', 'a0000000-0000-0000-0000-000000000001', 'baddedc8-88db-4973-881f-a5d43eb0efce', '20000000-0000-0000-0000-000000000001', 3);
INSERT INTO inventory.stock_levels (id, tenant_id, product_id, warehouse_id, qty_on_hand) VALUES ('8ef960e4-3a68-4080-93e8-67df50a9ea50', 'a0000000-0000-0000-0000-000000000001', 'e741fadb-464d-45f3-96c2-b7f096f118d2', '20000000-0000-0000-0000-000000000001', 1);
INSERT INTO inventory.stock_levels (id, tenant_id, product_id, warehouse_id, qty_on_hand) VALUES ('e3533fee-ddc2-468d-b0e2-794b8e589a65', 'a0000000-0000-0000-0000-000000000001', 'b38eefb9-1d1e-40d9-853c-78254dbb10fb', '20000000-0000-0000-0000-000000000001', 8);
INSERT INTO inventory.stock_levels (id, tenant_id, product_id, warehouse_id, qty_on_hand) VALUES ('60aaf807-9a68-4ced-b4ac-2926373a782b', 'a0000000-0000-0000-0000-000000000001', '09a50b06-d6cf-45b2-bb77-f7eb7b4474e9', '20000000-0000-0000-0000-000000000001', 4);
INSERT INTO inventory.stock_levels (id, tenant_id, product_id, warehouse_id, qty_on_hand) VALUES ('cef77da9-2474-49d6-ad42-99c27d1af91c', 'a0000000-0000-0000-0000-000000000001', 'a532183e-8c74-4af6-8d31-b976c13b6066', '20000000-0000-0000-0000-000000000001', 4);
INSERT INTO inventory.stock_levels (id, tenant_id, product_id, warehouse_id, qty_on_hand) VALUES ('d8413a06-c9c8-4473-9924-adfaa9390a0f', 'a0000000-0000-0000-0000-000000000001', 'e8a375dc-e7b4-49e8-a7c6-67f96f263bad', '20000000-0000-0000-0000-000000000001', 4);
INSERT INTO inventory.stock_levels (id, tenant_id, product_id, warehouse_id, qty_on_hand) VALUES ('de8e3cc8-6d87-4147-b6ea-2d61beb7d41f', 'a0000000-0000-0000-0000-000000000001', 'aceb94bf-1cf4-4c15-9cef-4e4c2b97ebd0', '20000000-0000-0000-0000-000000000001', 4);
INSERT INTO inventory.stock_levels (id, tenant_id, product_id, warehouse_id, qty_on_hand) VALUES ('7a0553ea-aaa2-4eaf-9f63-8299649e8d51', 'a0000000-0000-0000-0000-000000000001', '00bde185-5aa2-479c-8a3e-740350566ecc', '20000000-0000-0000-0000-000000000001', 2);
INSERT INTO inventory.stock_levels (id, tenant_id, product_id, warehouse_id, qty_on_hand) VALUES ('75f28963-9c3f-49d6-bda9-8bf7139ccda3', 'a0000000-0000-0000-0000-000000000001', '861df6a5-4b16-4c4e-ae10-f345e2c0f8df', '20000000-0000-0000-0000-000000000001', 1);
INSERT INTO inventory.stock_levels (id, tenant_id, product_id, warehouse_id, qty_on_hand) VALUES ('5edcbbe3-0b38-4d34-8265-45dab3a26d34', 'a0000000-0000-0000-0000-000000000001', '7005f265-67d5-4903-b6bb-d98df0d06ec0', '20000000-0000-0000-0000-000000000001', 2);
INSERT INTO inventory.stock_levels (id, tenant_id, product_id, warehouse_id, qty_on_hand) VALUES ('3579a828-1bf0-49f7-9d81-886dfa3d0f4c', 'a0000000-0000-0000-0000-000000000001', '78efb9b8-2340-45d9-add8-d0dfd5527fda', '20000000-0000-0000-0000-000000000001', 1);
INSERT INTO inventory.stock_levels (id, tenant_id, product_id, warehouse_id, qty_on_hand) VALUES ('18a60cc1-decf-48c7-8337-715b9400d1b0', 'a0000000-0000-0000-0000-000000000001', '68f9bb7e-2239-498d-a45e-1d39c8388144', '20000000-0000-0000-0000-000000000001', 14);
INSERT INTO inventory.stock_levels (id, tenant_id, product_id, warehouse_id, qty_on_hand) VALUES ('2685ed72-884f-4b4f-b8bc-e3aedcd062f3', 'a0000000-0000-0000-0000-000000000001', '45a5c6ec-d9df-4956-8f8a-3b00620c76f5', '20000000-0000-0000-0000-000000000001', 158);
INSERT INTO inventory.stock_levels (id, tenant_id, product_id, warehouse_id, qty_on_hand) VALUES ('6566e1a2-80d8-4e2b-a103-0c40b94e1d97', 'a0000000-0000-0000-0000-000000000001', '6ca7acbc-11a2-4126-a443-9fd430809e02', '20000000-0000-0000-0000-000000000001', 48);
INSERT INTO inventory.stock_levels (id, tenant_id, product_id, warehouse_id, qty_on_hand) VALUES ('0be9e190-a946-409b-984f-5d19233b0de7', 'a0000000-0000-0000-0000-000000000001', 'e360bc18-2cc9-45fb-9c2e-a85247967f4e', '20000000-0000-0000-0000-000000000001', 3);
INSERT INTO inventory.stock_levels (id, tenant_id, product_id, warehouse_id, qty_on_hand) VALUES ('ba9c7d9a-afea-4251-8158-b8f8528ea26f', 'a0000000-0000-0000-0000-000000000001', '61ddb4e2-f044-4710-9792-3bd4c35a10ef', '20000000-0000-0000-0000-000000000001', 59);
INSERT INTO inventory.stock_levels (id, tenant_id, product_id, warehouse_id, qty_on_hand) VALUES ('cb305919-1f8e-49ae-953d-2798f2a0dfe5', 'a0000000-0000-0000-0000-000000000001', 'd8d908a8-d23d-4e58-a28c-7f1d54a6fd13', '20000000-0000-0000-0000-000000000001', 148);
INSERT INTO inventory.stock_levels (id, tenant_id, product_id, warehouse_id, qty_on_hand) VALUES ('48f4a10b-899b-4b6e-a28e-c8b6dfee3dab', 'a0000000-0000-0000-0000-000000000001', 'fd92b890-cc2a-4ddd-b3bb-a5a6ba6b80aa', '20000000-0000-0000-0000-000000000001', 113);
INSERT INTO inventory.stock_levels (id, tenant_id, product_id, warehouse_id, qty_on_hand) VALUES ('d3b2b07d-7f56-4a01-92a1-d810abce5458', 'a0000000-0000-0000-0000-000000000001', '452d0e0f-d1bd-4cf6-bb31-198c341888be', '20000000-0000-0000-0000-000000000001', 13);
INSERT INTO inventory.stock_levels (id, tenant_id, product_id, warehouse_id, qty_on_hand) VALUES ('08898f93-3682-4fe3-8282-442f2df5c4e0', 'a0000000-0000-0000-0000-000000000001', 'ce2d1673-88cb-4c08-af1a-0058637c75c0', '20000000-0000-0000-0000-000000000001', 58);
INSERT INTO inventory.stock_levels (id, tenant_id, product_id, warehouse_id, qty_on_hand) VALUES ('6bac5720-0103-49e4-b03b-4c20cc91608d', 'a0000000-0000-0000-0000-000000000001', '42c49ed5-247e-4c44-9b2c-51acfd887858', '20000000-0000-0000-0000-000000000001', 39);
INSERT INTO inventory.stock_levels (id, tenant_id, product_id, warehouse_id, qty_on_hand) VALUES ('12528bba-5236-4546-8a27-ed4bb9db9b0d', 'a0000000-0000-0000-0000-000000000001', 'f788c541-4f71-42fa-9154-7782dfc7f86f', '20000000-0000-0000-0000-000000000001', 134);
INSERT INTO inventory.stock_levels (id, tenant_id, product_id, warehouse_id, qty_on_hand) VALUES ('ef106f44-7ab0-49f1-8037-08f204d9e7e2', 'a0000000-0000-0000-0000-000000000001', '76f6c936-442b-4ba5-8c99-e32462bb8a4d', '20000000-0000-0000-0000-000000000001', 21);
INSERT INTO inventory.stock_levels (id, tenant_id, product_id, warehouse_id, qty_on_hand) VALUES ('fbad4dea-de52-4058-964e-be8dd29a6323', 'a0000000-0000-0000-0000-000000000001', '111b41e0-d797-4609-bc3a-899925c048fb', '20000000-0000-0000-0000-000000000001', 352);
INSERT INTO inventory.stock_levels (id, tenant_id, product_id, warehouse_id, qty_on_hand) VALUES ('c66e79c2-da97-469e-8cc9-13b4406c7f40', 'a0000000-0000-0000-0000-000000000001', '09b1ea6c-aeb9-40d2-98c6-55e4ce6526c5', '20000000-0000-0000-0000-000000000001', 450);
INSERT INTO inventory.stock_levels (id, tenant_id, product_id, warehouse_id, qty_on_hand) VALUES ('bd15b97a-715e-4527-a7f6-2383c9692968', 'a0000000-0000-0000-0000-000000000001', '422e5e20-09ed-4330-b823-e6870608ab7b', '20000000-0000-0000-0000-000000000001', 1);
INSERT INTO inventory.stock_levels (id, tenant_id, product_id, warehouse_id, qty_on_hand) VALUES ('0094a9f1-3cd0-42c1-b115-dc59c446a7d0', 'a0000000-0000-0000-0000-000000000001', '4a116185-49e9-4bbd-b130-d9721b4fd5ad', '20000000-0000-0000-0000-000000000001', 90);
INSERT INTO inventory.stock_levels (id, tenant_id, product_id, warehouse_id, qty_on_hand) VALUES ('b6ec0443-1575-4b1c-8032-62452b44ec35', 'a0000000-0000-0000-0000-000000000001', 'fdbd0518-d9b0-4030-8e80-87a97b3066e8', '20000000-0000-0000-0000-000000000001', 1);
INSERT INTO inventory.stock_levels (id, tenant_id, product_id, warehouse_id, qty_on_hand) VALUES ('ad620911-1e14-4186-82f6-84e82bb07beb', 'a0000000-0000-0000-0000-000000000001', '233c0b1c-020c-4766-8992-991943c486b0', '20000000-0000-0000-0000-000000000001', 59);
INSERT INTO inventory.stock_levels (id, tenant_id, product_id, warehouse_id, qty_on_hand) VALUES ('a1881407-7ed4-4e4e-85b7-94a4c3b09304', 'a0000000-0000-0000-0000-000000000001', '1b87e215-61e1-4b0e-bb53-054f1fef9457', '20000000-0000-0000-0000-000000000001', 39);
INSERT INTO inventory.stock_levels (id, tenant_id, product_id, warehouse_id, qty_on_hand) VALUES ('00460814-c93e-4295-af3d-a1a624f3904c', 'a0000000-0000-0000-0000-000000000001', '48da4348-8de3-4182-9452-3b2cfeccc958', '20000000-0000-0000-0000-000000000001', 25);
INSERT INTO inventory.stock_levels (id, tenant_id, product_id, warehouse_id, qty_on_hand) VALUES ('111f9809-2eec-4c4f-bec6-b6891b54934c', 'a0000000-0000-0000-0000-000000000001', 'd43652ea-1310-4251-82bb-183d4e1647ce', '20000000-0000-0000-0000-000000000001', 44);
INSERT INTO inventory.stock_levels (id, tenant_id, product_id, warehouse_id, qty_on_hand) VALUES ('6e54aa4c-5707-4250-bc9b-d0a26c30b792', 'a0000000-0000-0000-0000-000000000001', 'b23faf20-b001-47c1-a4f5-f0324ce1271b', '20000000-0000-0000-0000-000000000001', 36);
INSERT INTO inventory.stock_levels (id, tenant_id, product_id, warehouse_id, qty_on_hand) VALUES ('f2628df2-5fd4-4533-9cec-08b61b571df5', 'a0000000-0000-0000-0000-000000000001', 'e7fe3075-9d1c-4fea-ab16-93c8237a8fa9', '20000000-0000-0000-0000-000000000001', 5);
INSERT INTO inventory.stock_levels (id, tenant_id, product_id, warehouse_id, qty_on_hand) VALUES ('bd9b0c56-3d06-44a6-920f-6cd0071dc9d7', 'a0000000-0000-0000-0000-000000000001', '39408225-b1b3-4aa7-8262-ad330853b15c', '20000000-0000-0000-0000-000000000001', 50);
INSERT INTO inventory.stock_levels (id, tenant_id, product_id, warehouse_id, qty_on_hand) VALUES ('c62d0a2d-88dc-4bf9-96a0-347a62afaedc', 'a0000000-0000-0000-0000-000000000001', '111bc5ba-79bb-4771-9813-d250d296ef9f', '20000000-0000-0000-0000-000000000001', 10);
INSERT INTO inventory.stock_levels (id, tenant_id, product_id, warehouse_id, qty_on_hand) VALUES ('58474180-0ef1-41b3-9a8e-c4ce895b8fad', 'a0000000-0000-0000-0000-000000000001', 'be749eb5-e382-439b-ad56-0f8592191be8', '20000000-0000-0000-0000-000000000001', 2);
INSERT INTO inventory.stock_levels (id, tenant_id, product_id, warehouse_id, qty_on_hand) VALUES ('da14e2bf-d9e0-47f4-ad03-c8bf12987d0c', 'a0000000-0000-0000-0000-000000000001', '9382834f-0540-4397-aaba-1a4ad67592fe', '20000000-0000-0000-0000-000000000001', 2);
INSERT INTO inventory.stock_levels (id, tenant_id, product_id, warehouse_id, qty_on_hand) VALUES ('b616463f-901a-436c-a7d4-dd590d2120a7', 'a0000000-0000-0000-0000-000000000001', '9ee14ac2-66c1-4610-81f7-18348aafba3b', '20000000-0000-0000-0000-000000000001', 3);
INSERT INTO inventory.stock_levels (id, tenant_id, product_id, warehouse_id, qty_on_hand) VALUES ('f7eaa4ba-74a9-4e55-b59e-4fee629b9b6e', 'a0000000-0000-0000-0000-000000000001', '836d1b96-52f8-4681-a9df-7ba1cef26c6a', '20000000-0000-0000-0000-000000000001', 19);
INSERT INTO inventory.stock_levels (id, tenant_id, product_id, warehouse_id, qty_on_hand) VALUES ('78eecc1d-c727-446c-95d7-e4984fc0c5ee', 'a0000000-0000-0000-0000-000000000001', '87e10f15-87f3-4060-9786-dd2428797fce', '20000000-0000-0000-0000-000000000001', 3);
INSERT INTO inventory.stock_levels (id, tenant_id, product_id, warehouse_id, qty_on_hand) VALUES ('1293096d-bf22-4b57-ad6d-906c7f39ee99', 'a0000000-0000-0000-0000-000000000001', '171f3964-65dc-4bb2-83c6-9433a940d3c3', '20000000-0000-0000-0000-000000000001', 1);
INSERT INTO inventory.stock_levels (id, tenant_id, product_id, warehouse_id, qty_on_hand) VALUES ('8bb504a3-a3e5-47a7-b476-f634eb5633da', 'a0000000-0000-0000-0000-000000000001', '41b4af5d-fed8-417c-aee9-61ba311c425f', '20000000-0000-0000-0000-000000000001', 4);

-- Step 5: Create stock count record dated 04/06/2026
INSERT INTO inventory.stock_counts (id, tenant_id, warehouse_id, count_date, status, notes, created_by) VALUES ('3d4a5ac7-1818-470d-be55-1e16cb37ab46', 'a0000000-0000-0000-0000-000000000001', '20000000-0000-0000-0000-000000000001', '2026-06-04', 'completed', 'جرد فعلي - Brushia Physical Stock Take 04/06/2026 - 160 products counted', 'b0000000-0000-0000-0000-000000000001');

-- Summary: 15 categories, 160 products, 160 stock levels
-- Total stock count: 14128 units