-- Migration 029: Real Brushia Stock Take Data (04/06/2026)

-- Step 1: Delete all demo data (FK-safe order)
DELETE FROM purchasing.bill_payments WHERE bill_id IN (SELECT id FROM purchasing.vendor_bills WHERE tenant_id = 'a0000000-0000-0000-0000-000000000001');
DELETE FROM purchasing.vendor_bills WHERE tenant_id = 'a0000000-0000-0000-0000-000000000001';
DELETE FROM purchasing.goods_receipt_items WHERE goods_receipt_id IN (SELECT id FROM purchasing.goods_receipts WHERE tenant_id = 'a0000000-0000-0000-0000-000000000001');
DELETE FROM purchasing.goods_receipts WHERE tenant_id = 'a0000000-0000-0000-0000-000000000001';
DELETE FROM purchasing.purchase_order_items WHERE purchase_order_id IN (SELECT id FROM purchasing.purchase_orders WHERE tenant_id = 'a0000000-0000-0000-0000-000000000001');
DELETE FROM purchasing.purchase_orders WHERE tenant_id = 'a0000000-0000-0000-0000-000000000001';
DELETE FROM inventory.stock_transfer_items WHERE transfer_id IN (SELECT id FROM inventory.stock_transfers WHERE tenant_id = 'a0000000-0000-0000-0000-000000000001');
DELETE FROM inventory.stock_transfers WHERE tenant_id = 'a0000000-0000-0000-0000-000000000001';
DELETE FROM inventory.stock_reservations WHERE tenant_id = 'a0000000-0000-0000-0000-000000000001';
DELETE FROM inventory.stock_count_items WHERE tenant_id = 'a0000000-0000-0000-0000-000000000001';
DELETE FROM inventory.stock_counts WHERE tenant_id = 'a0000000-0000-0000-0000-000000000001';
DELETE FROM inventory.stock_movements WHERE tenant_id = 'a0000000-0000-0000-0000-000000000001';
DELETE FROM inventory.stock_levels WHERE tenant_id = 'a0000000-0000-0000-0000-000000000001';
DELETE FROM sales.order_items WHERE order_id IN (SELECT id FROM sales.sales_orders WHERE tenant_id = 'a0000000-0000-0000-0000-000000000001');
DELETE FROM sales.payments WHERE order_id IN (SELECT id FROM sales.sales_orders WHERE tenant_id = 'a0000000-0000-0000-0000-000000000001');
DELETE FROM sales.sales_orders WHERE tenant_id = 'a0000000-0000-0000-0000-000000000001';
DELETE FROM catalog.product_variants WHERE product_id IN (SELECT id FROM catalog.products WHERE tenant_id = 'a0000000-0000-0000-0000-000000000001');
DELETE FROM catalog.products WHERE tenant_id = 'a0000000-0000-0000-0000-000000000001';
DELETE FROM catalog.categories WHERE tenant_id = 'a0000000-0000-0000-0000-000000000001';

-- Step 2: Insert 15 real categories
INSERT INTO catalog.categories (id, tenant_id, name, name_ar, slug, sort_order, is_active) VALUES ('c1000000-0000-0000-0000-000000000001', 'a0000000-0000-0000-0000-000000000001', 'Foundation', 'فاونديشن', 'foundation', 1, true);
INSERT INTO catalog.categories (id, tenant_id, name, name_ar, slug, sort_order, is_active) VALUES ('c1000000-0000-0000-0000-000000000002', 'a0000000-0000-0000-0000-000000000001', 'Concealer', 'كونسيلر', 'concealer', 2, true);
INSERT INTO catalog.categories (id, tenant_id, name, name_ar, slug, sort_order, is_active) VALUES ('c1000000-0000-0000-0000-000000000003', 'a0000000-0000-0000-0000-000000000001', 'Compact Powder', 'بودرة مضغوطة', 'compact-powder', 3, true);
INSERT INTO catalog.categories (id, tenant_id, name, name_ar, slug, sort_order, is_active) VALUES ('c1000000-0000-0000-0000-000000000004', 'a0000000-0000-0000-0000-000000000001', 'Filters', 'فلاتر', 'filters', 4, true);
INSERT INTO catalog.categories (id, tenant_id, name, name_ar, slug, sort_order, is_active) VALUES ('c1000000-0000-0000-0000-000000000005', 'a0000000-0000-0000-0000-000000000001', 'Air Drop Foundation', 'فاونديشن قطرة', 'air-drop-foundation', 5, true);
INSERT INTO catalog.categories (id, tenant_id, name, name_ar, slug, sort_order, is_active) VALUES ('c1000000-0000-0000-0000-000000000006', 'a0000000-0000-0000-0000-000000000001', 'Beauty Blender', 'بيوتي بلندر', 'beauty-blender', 6, true);
INSERT INTO catalog.categories (id, tenant_id, name, name_ar, slug, sort_order, is_active) VALUES ('c1000000-0000-0000-0000-000000000007', 'a0000000-0000-0000-0000-000000000001', 'Gel Liner', 'جل لاينر', 'gel-liner', 7, true);
INSERT INTO catalog.categories (id, tenant_id, name, name_ar, slug, sort_order, is_active) VALUES ('c1000000-0000-0000-0000-000000000008', 'a0000000-0000-0000-0000-000000000001', 'White Eye Brow Pencil', 'قلم حواجب أبيض', 'white-eye-brow-pencil', 8, true);
INSERT INTO catalog.categories (id, tenant_id, name, name_ar, slug, sort_order, is_active) VALUES ('c1000000-0000-0000-0000-000000000009', 'a0000000-0000-0000-0000-000000000001', 'Gold Eye Brows Pencil', 'قلم حواجب ذهبي', 'gold-eye-brows-pencil', 9, true);
INSERT INTO catalog.categories (id, tenant_id, name, name_ar, slug, sort_order, is_active) VALUES ('c1000000-0000-0000-0000-00000000000a', 'a0000000-0000-0000-0000-000000000001', 'Glitter', 'جليتر', 'glitter', 10, true);
INSERT INTO catalog.categories (id, tenant_id, name, name_ar, slug, sort_order, is_active) VALUES ('c1000000-0000-0000-0000-00000000000b', 'a0000000-0000-0000-0000-000000000001', 'Triangle Burgundy Sponge', 'إسفنجة مثلث', 'triangle-sponge', 11, true);
INSERT INTO catalog.categories (id, tenant_id, name, name_ar, slug, sort_order, is_active) VALUES ('c1000000-0000-0000-0000-00000000000c', 'a0000000-0000-0000-0000-000000000001', 'Lashes', 'رموش', 'lashes', 12, true);
INSERT INTO catalog.categories (id, tenant_id, name, name_ar, slug, sort_order, is_active) VALUES ('c1000000-0000-0000-0000-00000000000d', 'a0000000-0000-0000-0000-000000000001', 'Blusher Highlighter', 'بلاشر هايلايتر', 'blusher-highlighter', 13, true);
INSERT INTO catalog.categories (id, tenant_id, name, name_ar, slug, sort_order, is_active) VALUES ('c1000000-0000-0000-0000-00000000000e', 'a0000000-0000-0000-0000-000000000001', 'Brushes', 'فرش مفردة', 'brushes-singles', 14, true);
INSERT INTO catalog.categories (id, tenant_id, name, name_ar, slug, sort_order, is_active) VALUES ('c1000000-0000-0000-0000-00000000000f', 'a0000000-0000-0000-0000-000000000001', 'Brush Sets', 'أطقم فرش', 'brush-sets', 15, true);

-- Step 3: Insert 160 real products
INSERT INTO catalog.products (id, tenant_id, category_id, sku, name, name_ar, slug, base_price, cost_price, product_type, is_active, status, track_inventory, low_stock_threshold, tax_rate) VALUES ('84726e32-0156-4117-b0c9-9386fdff5cec', 'a0000000-0000-0000-0000-000000000001', 'c1000000-0000-0000-0000-000000000001', 'HD001', 'Foundation HD001', 'فاونديشن HD001', 'hd001', 15000, 8000, 'simple', true, 'active', true, 10, 14.00);
INSERT INTO catalog.products (id, tenant_id, category_id, sku, name, name_ar, slug, base_price, cost_price, product_type, is_active, status, track_inventory, low_stock_threshold, tax_rate) VALUES ('e6752fee-c876-4697-8daa-d0b913242fc0', 'a0000000-0000-0000-0000-000000000001', 'c1000000-0000-0000-0000-000000000001', 'HD002', 'Foundation HD002', 'فاونديشن HD002', 'hd002', 15000, 8000, 'simple', true, 'active', true, 10, 14.00);
INSERT INTO catalog.products (id, tenant_id, category_id, sku, name, name_ar, slug, base_price, cost_price, product_type, is_active, status, track_inventory, low_stock_threshold, tax_rate) VALUES ('c7fa05ea-298f-4b36-a2f2-901521642d0f', 'a0000000-0000-0000-0000-000000000001', 'c1000000-0000-0000-0000-000000000001', 'HD004', 'Foundation HD004', 'فاونديشن HD004', 'hd004', 15000, 8000, 'simple', true, 'active', true, 10, 14.00);
INSERT INTO catalog.products (id, tenant_id, category_id, sku, name, name_ar, slug, base_price, cost_price, product_type, is_active, status, track_inventory, low_stock_threshold, tax_rate) VALUES ('a18f5e43-3693-4fbe-9866-191bb84daa3d', 'a0000000-0000-0000-0000-000000000001', 'c1000000-0000-0000-0000-000000000001', 'HD005', 'Foundation HD005', 'فاونديشن HD005', 'hd005', 15000, 8000, 'simple', true, 'active', true, 10, 14.00);
INSERT INTO catalog.products (id, tenant_id, category_id, sku, name, name_ar, slug, base_price, cost_price, product_type, is_active, status, track_inventory, low_stock_threshold, tax_rate) VALUES ('3cf2e6e4-6b65-49a1-9a9f-dcc1b907124a', 'a0000000-0000-0000-0000-000000000001', 'c1000000-0000-0000-0000-000000000001', 'GD006', 'Foundation GD006', 'فاونديشن GD006', 'gd006', 15000, 8000, 'simple', true, 'active', true, 10, 14.00);
INSERT INTO catalog.products (id, tenant_id, category_id, sku, name, name_ar, slug, base_price, cost_price, product_type, is_active, status, track_inventory, low_stock_threshold, tax_rate) VALUES ('1025c3de-bf6f-4de9-8f01-27469e47fede', 'a0000000-0000-0000-0000-000000000001', 'c1000000-0000-0000-0000-000000000001', 'HD008', 'Foundation HD008', 'فاونديشن HD008', 'hd008', 15000, 8000, 'simple', true, 'active', true, 10, 14.00);
INSERT INTO catalog.products (id, tenant_id, category_id, sku, name, name_ar, slug, base_price, cost_price, product_type, is_active, status, track_inventory, low_stock_threshold, tax_rate) VALUES ('b2773228-1ee2-4005-b516-5a741fb67a04', 'a0000000-0000-0000-0000-000000000001', 'c1000000-0000-0000-0000-000000000001', 'HD009', 'Foundation HD009', 'فاونديشن HD009', 'hd009', 15000, 8000, 'simple', true, 'active', true, 10, 14.00);
INSERT INTO catalog.products (id, tenant_id, category_id, sku, name, name_ar, slug, base_price, cost_price, product_type, is_active, status, track_inventory, low_stock_threshold, tax_rate) VALUES ('a85158a7-bda2-4fb4-af9b-bfe40936ce35', 'a0000000-0000-0000-0000-000000000001', 'c1000000-0000-0000-0000-000000000001', 'HD011', 'Foundation HD011', 'فاونديشن HD011', 'hd011', 15000, 8000, 'simple', true, 'active', true, 10, 14.00);
INSERT INTO catalog.products (id, tenant_id, category_id, sku, name, name_ar, slug, base_price, cost_price, product_type, is_active, status, track_inventory, low_stock_threshold, tax_rate) VALUES ('52081cba-8eb9-4bcc-b6b5-6e679e130639', 'a0000000-0000-0000-0000-000000000001', 'c1000000-0000-0000-0000-000000000001', 'HD012', 'Foundation HD012', 'فاونديشن HD012', 'hd012', 15000, 8000, 'simple', true, 'active', true, 10, 14.00);
INSERT INTO catalog.products (id, tenant_id, category_id, sku, name, name_ar, slug, base_price, cost_price, product_type, is_active, status, track_inventory, low_stock_threshold, tax_rate) VALUES ('54c6d34f-864a-447e-8554-47b49aac2042', 'a0000000-0000-0000-0000-000000000001', 'c1000000-0000-0000-0000-000000000002', 'CON-4', 'Concealer #4', 'كونسيلر #4', 'con-4', 10000, 5500, 'simple', true, 'active', true, 10, 14.00);
INSERT INTO catalog.products (id, tenant_id, category_id, sku, name, name_ar, slug, base_price, cost_price, product_type, is_active, status, track_inventory, low_stock_threshold, tax_rate) VALUES ('9eabcf05-2139-4803-bc06-33365778c692', 'a0000000-0000-0000-0000-000000000001', 'c1000000-0000-0000-0000-000000000002', 'CON-5', 'Concealer #5', 'كونسيلر #5', 'con-5', 10000, 5500, 'simple', true, 'active', true, 10, 14.00);
INSERT INTO catalog.products (id, tenant_id, category_id, sku, name, name_ar, slug, base_price, cost_price, product_type, is_active, status, track_inventory, low_stock_threshold, tax_rate) VALUES ('7300504b-a00d-49b7-b1d0-5bc03a9b068f', 'a0000000-0000-0000-0000-000000000001', 'c1000000-0000-0000-0000-000000000002', 'CON-6', 'Concealer #6', 'كونسيلر #6', 'con-6', 10000, 5500, 'simple', true, 'active', true, 10, 14.00);
INSERT INTO catalog.products (id, tenant_id, category_id, sku, name, name_ar, slug, base_price, cost_price, product_type, is_active, status, track_inventory, low_stock_threshold, tax_rate) VALUES ('6f35beac-7568-4c9c-ae6c-4c4fefd68d33', 'a0000000-0000-0000-0000-000000000001', 'c1000000-0000-0000-0000-000000000002', 'CON-9', 'Concealer #9', 'كونسيلر #9', 'con-9', 10000, 5500, 'simple', true, 'active', true, 10, 14.00);
INSERT INTO catalog.products (id, tenant_id, category_id, sku, name, name_ar, slug, base_price, cost_price, product_type, is_active, status, track_inventory, low_stock_threshold, tax_rate) VALUES ('5cd3e093-bac6-4637-9193-6deadfecd5bd', 'a0000000-0000-0000-0000-000000000001', 'c1000000-0000-0000-0000-000000000002', 'CON-15', 'Concealer #15', 'كونسيلر #15', 'con-15', 10000, 5500, 'simple', true, 'active', true, 10, 14.00);
INSERT INTO catalog.products (id, tenant_id, category_id, sku, name, name_ar, slug, base_price, cost_price, product_type, is_active, status, track_inventory, low_stock_threshold, tax_rate) VALUES ('de4c81ec-7366-4642-8a68-ffa5839ca7d4', 'a0000000-0000-0000-0000-000000000001', 'c1000000-0000-0000-0000-000000000002', 'CON-135', 'Concealer #135', 'كونسيلر #135', 'con-135', 10000, 5500, 'simple', true, 'active', true, 10, 14.00);
INSERT INTO catalog.products (id, tenant_id, category_id, sku, name, name_ar, slug, base_price, cost_price, product_type, is_active, status, track_inventory, low_stock_threshold, tax_rate) VALUES ('43275676-b084-408c-b4d2-941e62375b48', 'a0000000-0000-0000-0000-000000000001', 'c1000000-0000-0000-0000-000000000003', 'C01', 'Compact Powder C01', 'بودرة C01', 'c01', 12000, 6500, 'simple', true, 'active', true, 10, 14.00);
INSERT INTO catalog.products (id, tenant_id, category_id, sku, name, name_ar, slug, base_price, cost_price, product_type, is_active, status, track_inventory, low_stock_threshold, tax_rate) VALUES ('1c2ddb3f-2c3d-44eb-a293-0eb675197c3d', 'a0000000-0000-0000-0000-000000000001', 'c1000000-0000-0000-0000-000000000003', 'C02', 'Compact Powder C02', 'بودرة C02', 'c02', 12000, 6500, 'simple', true, 'active', true, 10, 14.00);
INSERT INTO catalog.products (id, tenant_id, category_id, sku, name, name_ar, slug, base_price, cost_price, product_type, is_active, status, track_inventory, low_stock_threshold, tax_rate) VALUES ('c3c69649-cda6-4eaf-ba12-be0046d60798', 'a0000000-0000-0000-0000-000000000001', 'c1000000-0000-0000-0000-000000000003', 'C03', 'Compact Powder C03', 'بودرة C03', 'c03', 12000, 6500, 'simple', true, 'active', true, 10, 14.00);
INSERT INTO catalog.products (id, tenant_id, category_id, sku, name, name_ar, slug, base_price, cost_price, product_type, is_active, status, track_inventory, low_stock_threshold, tax_rate) VALUES ('52dc5791-5d47-44f7-8e9f-8f6fed43bfe9', 'a0000000-0000-0000-0000-000000000001', 'c1000000-0000-0000-0000-000000000003', 'C04', 'Compact Powder C04', 'بودرة C04', 'c04', 12000, 6500, 'simple', true, 'active', true, 10, 14.00);
INSERT INTO catalog.products (id, tenant_id, category_id, sku, name, name_ar, slug, base_price, cost_price, product_type, is_active, status, track_inventory, low_stock_threshold, tax_rate) VALUES ('b5985c88-3acc-41b6-836a-ae8d92c5877c', 'a0000000-0000-0000-0000-000000000001', 'c1000000-0000-0000-0000-000000000003', 'C05', 'Compact Powder C05', 'بودرة C05', 'c05', 12000, 6500, 'simple', true, 'active', true, 10, 14.00);
INSERT INTO catalog.products (id, tenant_id, category_id, sku, name, name_ar, slug, base_price, cost_price, product_type, is_active, status, track_inventory, low_stock_threshold, tax_rate) VALUES ('c7b48c58-5843-4574-badd-2ecef21ce2ee', 'a0000000-0000-0000-0000-000000000001', 'c1000000-0000-0000-0000-000000000003', 'C06', 'Compact Powder C06', 'بودرة C06', 'c06', 12000, 6500, 'simple', true, 'active', true, 10, 14.00);
INSERT INTO catalog.products (id, tenant_id, category_id, sku, name, name_ar, slug, base_price, cost_price, product_type, is_active, status, track_inventory, low_stock_threshold, tax_rate) VALUES ('f3654d51-853a-4829-96e0-a37b3c470587', 'a0000000-0000-0000-0000-000000000001', 'c1000000-0000-0000-0000-000000000003', 'C07', 'Compact Powder C07', 'بودرة C07', 'c07', 12000, 6500, 'simple', true, 'active', true, 10, 14.00);
INSERT INTO catalog.products (id, tenant_id, category_id, sku, name, name_ar, slug, base_price, cost_price, product_type, is_active, status, track_inventory, low_stock_threshold, tax_rate) VALUES ('3d43d04b-a181-4cfd-8172-0a43a5c25a73', 'a0000000-0000-0000-0000-000000000001', 'c1000000-0000-0000-0000-000000000004', 'FLT-PRIMER', 'Primer Filter', 'فلتر برايمر', 'flt-primer', 8000, 4000, 'simple', true, 'active', true, 10, 14.00);
INSERT INTO catalog.products (id, tenant_id, category_id, sku, name, name_ar, slug, base_price, cost_price, product_type, is_active, status, track_inventory, low_stock_threshold, tax_rate) VALUES ('5e89e435-391f-4526-8efe-7829add4b921', 'a0000000-0000-0000-0000-000000000001', 'c1000000-0000-0000-0000-000000000004', 'FLT-TAN5', 'Tan Filter #5', 'فلتر تان #5', 'flt-tan5', 8000, 4000, 'simple', true, 'active', true, 10, 14.00);
INSERT INTO catalog.products (id, tenant_id, category_id, sku, name, name_ar, slug, base_price, cost_price, product_type, is_active, status, track_inventory, low_stock_threshold, tax_rate) VALUES ('44aef981-5fef-4dc7-95d1-6b01b7d0e48d', 'a0000000-0000-0000-0000-000000000001', 'c1000000-0000-0000-0000-000000000005', 'ADF-B01', 'Air Drop Foundation B01', 'فاونديشن قطرة B01', 'adf-b01', 5000, 2500, 'simple', true, 'active', true, 10, 14.00);
INSERT INTO catalog.products (id, tenant_id, category_id, sku, name, name_ar, slug, base_price, cost_price, product_type, is_active, status, track_inventory, low_stock_threshold, tax_rate) VALUES ('dccf1b86-14f4-4cd3-aaf4-3e3e7d37aadf', 'a0000000-0000-0000-0000-000000000001', 'c1000000-0000-0000-0000-000000000005', 'ADF-B02', 'Air Drop Foundation B02', 'فاونديشن قطرة B02', 'adf-b02', 5000, 2500, 'simple', true, 'active', true, 10, 14.00);
INSERT INTO catalog.products (id, tenant_id, category_id, sku, name, name_ar, slug, base_price, cost_price, product_type, is_active, status, track_inventory, low_stock_threshold, tax_rate) VALUES ('82d35b97-0078-42b2-b36a-6758566e7176', 'a0000000-0000-0000-0000-000000000001', 'c1000000-0000-0000-0000-000000000005', 'ADF-S1', 'Air Drop Foundation S1', 'فاونديشن قطرة S1', 'adf-s1', 5000, 2500, 'simple', true, 'active', true, 10, 14.00);
INSERT INTO catalog.products (id, tenant_id, category_id, sku, name, name_ar, slug, base_price, cost_price, product_type, is_active, status, track_inventory, low_stock_threshold, tax_rate) VALUES ('ecc89e22-aa57-43b6-9839-7326a4e27481', 'a0000000-0000-0000-0000-000000000001', 'c1000000-0000-0000-0000-000000000005', 'ADF-S2', 'Air Drop Foundation S2', 'فاونديشن قطرة S2', 'adf-s2', 5000, 2500, 'simple', true, 'active', true, 10, 14.00);
INSERT INTO catalog.products (id, tenant_id, category_id, sku, name, name_ar, slug, base_price, cost_price, product_type, is_active, status, track_inventory, low_stock_threshold, tax_rate) VALUES ('f51ba12e-b70b-44f2-a090-8c0791ac53c0', 'a0000000-0000-0000-0000-000000000001', 'c1000000-0000-0000-0000-000000000006', 'BB-DALIA', 'Beauty Blender Dalia', 'بيوتي بلندر Dalia', 'bb-dalia', 5000, 2500, 'simple', true, 'active', true, 10, 14.00);
INSERT INTO catalog.products (id, tenant_id, category_id, sku, name, name_ar, slug, base_price, cost_price, product_type, is_active, status, track_inventory, low_stock_threshold, tax_rate) VALUES ('53600907-af0d-4ff3-90e2-131b5917a51c', 'a0000000-0000-0000-0000-000000000001', 'c1000000-0000-0000-0000-000000000006', 'BB-GREEN', 'Beauty Blender Green', 'بيوتي بلندر Green', 'bb-green', 3000, 1500, 'simple', true, 'active', true, 10, 14.00);
INSERT INTO catalog.products (id, tenant_id, category_id, sku, name, name_ar, slug, base_price, cost_price, product_type, is_active, status, track_inventory, low_stock_threshold, tax_rate) VALUES ('197777b0-ee95-494f-af3d-66386d0a4ba7', 'a0000000-0000-0000-0000-000000000001', 'c1000000-0000-0000-0000-000000000006', 'BB-BLACK', 'Beauty Blender Black', 'بيوتي بلندر Black', 'bb-black', 3000, 1500, 'simple', true, 'active', true, 10, 14.00);
INSERT INTO catalog.products (id, tenant_id, category_id, sku, name, name_ar, slug, base_price, cost_price, product_type, is_active, status, track_inventory, low_stock_threshold, tax_rate) VALUES ('b56750b3-3aeb-4905-a710-8130c0130bc6', 'a0000000-0000-0000-0000-000000000001', 'c1000000-0000-0000-0000-000000000006', 'BB-JL-CIRCLE', 'Beauty Blender Jl Circle', 'بيوتي بلندر Jl Circle', 'bb-jl-circle', 4000, 2000, 'simple', true, 'active', true, 10, 14.00);
INSERT INTO catalog.products (id, tenant_id, category_id, sku, name, name_ar, slug, base_price, cost_price, product_type, is_active, status, track_inventory, low_stock_threshold, tax_rate) VALUES ('a4fc7243-4400-4484-aa92-64ca6484d972', 'a0000000-0000-0000-0000-000000000001', 'c1000000-0000-0000-0000-000000000006', 'BB-JL-TRIANGLE', 'Beauty Blender Jl Triangle', 'بيوتي بلندر Jl Triangle', 'bb-jl-triangle', 4000, 2000, 'simple', true, 'active', true, 10, 14.00);
INSERT INTO catalog.products (id, tenant_id, category_id, sku, name, name_ar, slug, base_price, cost_price, product_type, is_active, status, track_inventory, low_stock_threshold, tax_rate) VALUES ('f688bac7-3904-47a7-a2f5-e0dc57a1c69b', 'a0000000-0000-0000-0000-000000000001', 'c1000000-0000-0000-0000-000000000006', 'BB-DARK-BROWN', 'Beauty Blender Dark Brown', 'بيوتي بلندر Dark Brown', 'bb-dark-brown', 3000, 1500, 'simple', true, 'active', true, 10, 14.00);
INSERT INTO catalog.products (id, tenant_id, category_id, sku, name, name_ar, slug, base_price, cost_price, product_type, is_active, status, track_inventory, low_stock_threshold, tax_rate) VALUES ('95c617fe-6cf0-4860-beae-8f369ec4be04', 'a0000000-0000-0000-0000-000000000001', 'c1000000-0000-0000-0000-000000000006', 'BB-BIG-BROWN', 'Beauty Blender Big Brown', 'بيوتي بلندر Big Brown', 'bb-big-brown', 3500, 1750, 'simple', true, 'active', true, 10, 14.00);
INSERT INTO catalog.products (id, tenant_id, category_id, sku, name, name_ar, slug, base_price, cost_price, product_type, is_active, status, track_inventory, low_stock_threshold, tax_rate) VALUES ('ef1f6694-3db0-4947-9479-313800113958', 'a0000000-0000-0000-0000-000000000001', 'c1000000-0000-0000-0000-000000000006', 'BB-S-BROWN', 'Beauty Blender S Brown', 'بيوتي بلندر S Brown', 'bb-s-brown', 3000, 1500, 'simple', true, 'active', true, 10, 14.00);
INSERT INTO catalog.products (id, tenant_id, category_id, sku, name, name_ar, slug, base_price, cost_price, product_type, is_active, status, track_inventory, low_stock_threshold, tax_rate) VALUES ('5f0823f7-7d29-4838-9014-4bf8b66308e6', 'a0000000-0000-0000-0000-000000000001', 'c1000000-0000-0000-0000-000000000006', 'BB-JL-PUFF', 'Beauty Blender Jl Puff', 'بيوتي بلندر Jl Puff', 'bb-jl-puff', 3500, 1750, 'simple', true, 'active', true, 10, 14.00);
INSERT INTO catalog.products (id, tenant_id, category_id, sku, name, name_ar, slug, base_price, cost_price, product_type, is_active, status, track_inventory, low_stock_threshold, tax_rate) VALUES ('9d1be5da-a4d2-4c4c-a9c8-f30f2a6f930f', 'a0000000-0000-0000-0000-000000000001', 'c1000000-0000-0000-0000-000000000006', 'BB-PUFF-SET', 'Beauty Blender Puff Set', 'بيوتي بلندر Puff Set', 'bb-puff-set', 5000, 2500, 'simple', true, 'active', true, 10, 14.00);
INSERT INTO catalog.products (id, tenant_id, category_id, sku, name, name_ar, slug, base_price, cost_price, product_type, is_active, status, track_inventory, low_stock_threshold, tax_rate) VALUES ('90aab3bb-7eef-4827-8137-505375d25254', 'a0000000-0000-0000-0000-000000000001', 'c1000000-0000-0000-0000-000000000006', 'BB-JL-BLACK', 'Beauty Blender Jl Black', 'بيوتي بلندر Jl Black', 'bb-jl-black', 3500, 1750, 'simple', true, 'active', true, 10, 14.00);
INSERT INTO catalog.products (id, tenant_id, category_id, sku, name, name_ar, slug, base_price, cost_price, product_type, is_active, status, track_inventory, low_stock_threshold, tax_rate) VALUES ('e31e5da6-6d61-4293-9ad7-8a45e5a5c21d', 'a0000000-0000-0000-0000-000000000001', 'c1000000-0000-0000-0000-000000000007', 'GL-BURGUNDY', 'Gel Liner Burgundy', 'جل لاينر Burgundy', 'gl-burgundy', 4000, 2000, 'simple', true, 'active', true, 10, 14.00);
INSERT INTO catalog.products (id, tenant_id, category_id, sku, name, name_ar, slug, base_price, cost_price, product_type, is_active, status, track_inventory, low_stock_threshold, tax_rate) VALUES ('6c87accc-abc4-4ccb-ae7c-a968483d7187', 'a0000000-0000-0000-0000-000000000001', 'c1000000-0000-0000-0000-000000000007', 'GL-BLACK', 'Gel Liner Black', 'جل لاينر Black', 'gl-black', 4000, 2000, 'simple', true, 'active', true, 10, 14.00);
INSERT INTO catalog.products (id, tenant_id, category_id, sku, name, name_ar, slug, base_price, cost_price, product_type, is_active, status, track_inventory, low_stock_threshold, tax_rate) VALUES ('2f392d2b-ca88-4dca-bee9-37b0c264d8c1', 'a0000000-0000-0000-0000-000000000001', 'c1000000-0000-0000-0000-000000000007', 'GL-DARK-BROWN', 'Gel Liner Dark Brown', 'جل لاينر Dark Brown', 'gl-dark-brown', 4000, 2000, 'simple', true, 'active', true, 10, 14.00);
INSERT INTO catalog.products (id, tenant_id, category_id, sku, name, name_ar, slug, base_price, cost_price, product_type, is_active, status, track_inventory, low_stock_threshold, tax_rate) VALUES ('e8acf911-3714-4bd7-8a3a-097117f21c60', 'a0000000-0000-0000-0000-000000000001', 'c1000000-0000-0000-0000-000000000007', 'GL-LIGHT-BROWN', 'Gel Liner Light Brown', 'جل لاينر Light Brown', 'gl-light-brown', 4000, 2000, 'simple', true, 'active', true, 10, 14.00);
INSERT INTO catalog.products (id, tenant_id, category_id, sku, name, name_ar, slug, base_price, cost_price, product_type, is_active, status, track_inventory, low_stock_threshold, tax_rate) VALUES ('6c9765a1-7fb4-4cc0-8f60-f13fec7aa988', 'a0000000-0000-0000-0000-000000000001', 'c1000000-0000-0000-0000-000000000007', 'GL-GREEN', 'Gel Liner Green', 'جل لاينر Green', 'gl-green', 4000, 2000, 'simple', true, 'active', true, 10, 14.00);
INSERT INTO catalog.products (id, tenant_id, category_id, sku, name, name_ar, slug, base_price, cost_price, product_type, is_active, status, track_inventory, low_stock_threshold, tax_rate) VALUES ('cec2cc24-e27e-4dc9-8700-c87b0ae7dabb', 'a0000000-0000-0000-0000-000000000001', 'c1000000-0000-0000-0000-000000000008', 'WEB-SOFT-BLACK', 'White Brow Pencil Soft Black', 'قلم حواجب أبيض Soft Black', 'web-soft-black', 3500, 1800, 'simple', true, 'active', true, 10, 14.00);
INSERT INTO catalog.products (id, tenant_id, category_id, sku, name, name_ar, slug, base_price, cost_price, product_type, is_active, status, track_inventory, low_stock_threshold, tax_rate) VALUES ('c124288d-49c7-4ca8-b047-f9bb96d22404', 'a0000000-0000-0000-0000-000000000001', 'c1000000-0000-0000-0000-000000000008', 'WEB-LIGHT-BROWN', 'White Brow Pencil Light Brown', 'قلم حواجب أبيض Light Brown', 'web-light-brown', 3500, 1800, 'simple', true, 'active', true, 10, 14.00);
INSERT INTO catalog.products (id, tenant_id, category_id, sku, name, name_ar, slug, base_price, cost_price, product_type, is_active, status, track_inventory, low_stock_threshold, tax_rate) VALUES ('7d79ee10-c398-41ec-afb4-02cf5d5b1ef0', 'a0000000-0000-0000-0000-000000000001', 'c1000000-0000-0000-0000-000000000008', 'WEB-MEDIUM-BROWN', 'White Brow Pencil Medium Brown', 'قلم حواجب أبيض Medium Brown', 'web-medium-brown', 3500, 1800, 'simple', true, 'active', true, 10, 14.00);
INSERT INTO catalog.products (id, tenant_id, category_id, sku, name, name_ar, slug, base_price, cost_price, product_type, is_active, status, track_inventory, low_stock_threshold, tax_rate) VALUES ('663692b2-103d-4dca-b0f2-e4adaf6ea19c', 'a0000000-0000-0000-0000-000000000001', 'c1000000-0000-0000-0000-000000000008', 'WEB-DEEP-BROWN', 'White Brow Pencil Deep Brown', 'قلم حواجب أبيض Deep Brown', 'web-deep-brown', 3500, 1800, 'simple', true, 'active', true, 10, 14.00);
INSERT INTO catalog.products (id, tenant_id, category_id, sku, name, name_ar, slug, base_price, cost_price, product_type, is_active, status, track_inventory, low_stock_threshold, tax_rate) VALUES ('6e7b1959-f65c-427a-9c57-2641b63c4a2b', 'a0000000-0000-0000-0000-000000000001', 'c1000000-0000-0000-0000-000000000009', 'GEB-DARK-BROWN', 'Gold Brow Pencil Dark Brown', 'قلم حواجب ذهبي Dark Brown', 'geb-dark-brown', 3500, 1800, 'simple', true, 'active', true, 10, 14.00);
INSERT INTO catalog.products (id, tenant_id, category_id, sku, name, name_ar, slug, base_price, cost_price, product_type, is_active, status, track_inventory, low_stock_threshold, tax_rate) VALUES ('e28d275e-62b6-48dd-a631-8a5da8640b5f', 'a0000000-0000-0000-0000-000000000001', 'c1000000-0000-0000-0000-000000000009', 'GEB-LIGHT-BROWN', 'Gold Brow Pencil Light Brown', 'قلم حواجب ذهبي Light Brown', 'geb-light-brown', 3500, 1800, 'simple', true, 'active', true, 10, 14.00);
INSERT INTO catalog.products (id, tenant_id, category_id, sku, name, name_ar, slug, base_price, cost_price, product_type, is_active, status, track_inventory, low_stock_threshold, tax_rate) VALUES ('87805add-2e47-4ec5-8deb-92b4de24a688', 'a0000000-0000-0000-0000-000000000001', 'c1000000-0000-0000-0000-000000000009', 'GEB-BLACK', 'Gold Brow Pencil Black', 'قلم حواجب ذهبي Black', 'geb-black', 3500, 1800, 'simple', true, 'active', true, 10, 14.00);
INSERT INTO catalog.products (id, tenant_id, category_id, sku, name, name_ar, slug, base_price, cost_price, product_type, is_active, status, track_inventory, low_stock_threshold, tax_rate) VALUES ('3d5303f5-58b0-4cc8-a8ca-4bff29c02ad3', 'a0000000-0000-0000-0000-000000000001', 'c1000000-0000-0000-0000-000000000009', 'GEB-KHAKI', 'Gold Brow Pencil Khaki', 'قلم حواجب ذهبي Khaki', 'geb-khaki', 3500, 1800, 'simple', true, 'active', true, 10, 14.00);
INSERT INTO catalog.products (id, tenant_id, category_id, sku, name, name_ar, slug, base_price, cost_price, product_type, is_active, status, track_inventory, low_stock_threshold, tax_rate) VALUES ('bea5069d-003a-4d9b-9a12-1b2cc204c0de', 'a0000000-0000-0000-0000-000000000001', 'c1000000-0000-0000-0000-00000000000a', 'GLT-H46', 'Glitter H46', 'جليتر H46', 'glt-h46', 2500, 1200, 'simple', true, 'active', true, 10, 14.00);
INSERT INTO catalog.products (id, tenant_id, category_id, sku, name, name_ar, slug, base_price, cost_price, product_type, is_active, status, track_inventory, low_stock_threshold, tax_rate) VALUES ('b5acc46a-1bec-4a7d-b32e-cfd4c52308c1', 'a0000000-0000-0000-0000-000000000001', 'c1000000-0000-0000-0000-00000000000a', 'GLT-H45', 'Glitter H45', 'جليتر H45', 'glt-h45', 2500, 1200, 'simple', true, 'active', true, 10, 14.00);
INSERT INTO catalog.products (id, tenant_id, category_id, sku, name, name_ar, slug, base_price, cost_price, product_type, is_active, status, track_inventory, low_stock_threshold, tax_rate) VALUES ('36b7f255-8e17-4953-a3d3-b5a211b8bae5', 'a0000000-0000-0000-0000-000000000001', 'c1000000-0000-0000-0000-00000000000a', 'GLT-H40', 'Glitter H40', 'جليتر H40', 'glt-h40', 2500, 1200, 'simple', true, 'active', true, 10, 14.00);
INSERT INTO catalog.products (id, tenant_id, category_id, sku, name, name_ar, slug, base_price, cost_price, product_type, is_active, status, track_inventory, low_stock_threshold, tax_rate) VALUES ('a3799b6a-f9d5-40fc-aa8b-08777eda0521', 'a0000000-0000-0000-0000-000000000001', 'c1000000-0000-0000-0000-00000000000a', 'GLT-H48', 'Glitter H48', 'جليتر H48', 'glt-h48', 2500, 1200, 'simple', true, 'active', true, 10, 14.00);
INSERT INTO catalog.products (id, tenant_id, category_id, sku, name, name_ar, slug, base_price, cost_price, product_type, is_active, status, track_inventory, low_stock_threshold, tax_rate) VALUES ('6618e55c-26e6-4866-98e6-589c7cb056c7', 'a0000000-0000-0000-0000-000000000001', 'c1000000-0000-0000-0000-00000000000a', 'GLT-H10', 'Glitter H10', 'جليتر H10', 'glt-h10', 2500, 1200, 'simple', true, 'active', true, 10, 14.00);
INSERT INTO catalog.products (id, tenant_id, category_id, sku, name, name_ar, slug, base_price, cost_price, product_type, is_active, status, track_inventory, low_stock_threshold, tax_rate) VALUES ('b837feb5-7812-4a9e-9b92-6c6fa27cd17b', 'a0000000-0000-0000-0000-000000000001', 'c1000000-0000-0000-0000-00000000000a', 'GLT-H42', 'Glitter H42', 'جليتر H42', 'glt-h42', 2500, 1200, 'simple', true, 'active', true, 10, 14.00);
INSERT INTO catalog.products (id, tenant_id, category_id, sku, name, name_ar, slug, base_price, cost_price, product_type, is_active, status, track_inventory, low_stock_threshold, tax_rate) VALUES ('3f707dd1-ebab-4709-a7bb-e480521cb7b8', 'a0000000-0000-0000-0000-000000000001', 'c1000000-0000-0000-0000-00000000000a', 'GLT-H47', 'Glitter H47', 'جليتر H47', 'glt-h47', 2500, 1200, 'simple', true, 'active', true, 10, 14.00);
INSERT INTO catalog.products (id, tenant_id, category_id, sku, name, name_ar, slug, base_price, cost_price, product_type, is_active, status, track_inventory, low_stock_threshold, tax_rate) VALUES ('013cf892-ac76-4d78-a052-c229db98fa6d', 'a0000000-0000-0000-0000-000000000001', 'c1000000-0000-0000-0000-00000000000a', 'GLT-H49', 'Glitter H49', 'جليتر H49', 'glt-h49', 2500, 1200, 'simple', true, 'active', true, 10, 14.00);
INSERT INTO catalog.products (id, tenant_id, category_id, sku, name, name_ar, slug, base_price, cost_price, product_type, is_active, status, track_inventory, low_stock_threshold, tax_rate) VALUES ('dfbf1f27-a288-46e4-bc36-438b2f7efb6f', 'a0000000-0000-0000-0000-000000000001', 'c1000000-0000-0000-0000-00000000000a', 'GLT-H2', 'Glitter H2', 'جليتر H2', 'glt-h2', 2500, 1200, 'simple', true, 'active', true, 10, 14.00);
INSERT INTO catalog.products (id, tenant_id, category_id, sku, name, name_ar, slug, base_price, cost_price, product_type, is_active, status, track_inventory, low_stock_threshold, tax_rate) VALUES ('5aa13b67-7e90-4bed-b727-882284ff3943', 'a0000000-0000-0000-0000-000000000001', 'c1000000-0000-0000-0000-00000000000a', 'GLT-H36', 'Glitter H36', 'جليتر H36', 'glt-h36', 2500, 1200, 'simple', true, 'active', true, 10, 14.00);
INSERT INTO catalog.products (id, tenant_id, category_id, sku, name, name_ar, slug, base_price, cost_price, product_type, is_active, status, track_inventory, low_stock_threshold, tax_rate) VALUES ('557eb23b-b621-4355-8abd-21f89666d9dc', 'a0000000-0000-0000-0000-000000000001', 'c1000000-0000-0000-0000-00000000000a', 'GLT-H21', 'Glitter H21', 'جليتر H21', 'glt-h21', 2500, 1200, 'simple', true, 'active', true, 10, 14.00);
INSERT INTO catalog.products (id, tenant_id, category_id, sku, name, name_ar, slug, base_price, cost_price, product_type, is_active, status, track_inventory, low_stock_threshold, tax_rate) VALUES ('eef89c97-04a9-403b-b085-19a6a67797d0', 'a0000000-0000-0000-0000-000000000001', 'c1000000-0000-0000-0000-00000000000a', 'GLT-H34', 'Glitter H34', 'جليتر H34', 'glt-h34', 2500, 1200, 'simple', true, 'active', true, 10, 14.00);
INSERT INTO catalog.products (id, tenant_id, category_id, sku, name, name_ar, slug, base_price, cost_price, product_type, is_active, status, track_inventory, low_stock_threshold, tax_rate) VALUES ('359b8dff-426d-474a-a015-92b2db7c9808', 'a0000000-0000-0000-0000-000000000001', 'c1000000-0000-0000-0000-00000000000a', 'GLT-H13', 'Glitter H13', 'جليتر H13', 'glt-h13', 2500, 1200, 'simple', true, 'active', true, 10, 14.00);
INSERT INTO catalog.products (id, tenant_id, category_id, sku, name, name_ar, slug, base_price, cost_price, product_type, is_active, status, track_inventory, low_stock_threshold, tax_rate) VALUES ('6a29dfa7-cc43-4154-9fa2-c789f4e0459e', 'a0000000-0000-0000-0000-000000000001', 'c1000000-0000-0000-0000-00000000000a', 'GLT-H17', 'Glitter H17', 'جليتر H17', 'glt-h17', 2500, 1200, 'simple', true, 'active', true, 10, 14.00);
INSERT INTO catalog.products (id, tenant_id, category_id, sku, name, name_ar, slug, base_price, cost_price, product_type, is_active, status, track_inventory, low_stock_threshold, tax_rate) VALUES ('244b65c2-2f9f-41e3-befb-6e3e9dedc2bb', 'a0000000-0000-0000-0000-000000000001', 'c1000000-0000-0000-0000-00000000000a', 'GLT-H4', 'Glitter H4', 'جليتر H4', 'glt-h4', 2500, 1200, 'simple', true, 'active', true, 10, 14.00);
INSERT INTO catalog.products (id, tenant_id, category_id, sku, name, name_ar, slug, base_price, cost_price, product_type, is_active, status, track_inventory, low_stock_threshold, tax_rate) VALUES ('76237bd0-9dfc-43a7-a64a-d030b66d2b10', 'a0000000-0000-0000-0000-000000000001', 'c1000000-0000-0000-0000-00000000000a', 'GLT-H1', 'Glitter H1', 'جليتر H1', 'glt-h1', 2500, 1200, 'simple', true, 'active', true, 10, 14.00);
INSERT INTO catalog.products (id, tenant_id, category_id, sku, name, name_ar, slug, base_price, cost_price, product_type, is_active, status, track_inventory, low_stock_threshold, tax_rate) VALUES ('a9ab0b42-2fa6-47eb-90a7-fe08b221678f', 'a0000000-0000-0000-0000-000000000001', 'c1000000-0000-0000-0000-00000000000a', 'GLT-H12', 'Glitter H12', 'جليتر H12', 'glt-h12', 2500, 1200, 'simple', true, 'active', true, 10, 14.00);
INSERT INTO catalog.products (id, tenant_id, category_id, sku, name, name_ar, slug, base_price, cost_price, product_type, is_active, status, track_inventory, low_stock_threshold, tax_rate) VALUES ('b385e61d-582f-4800-8252-d3a992749ad4', 'a0000000-0000-0000-0000-000000000001', 'c1000000-0000-0000-0000-00000000000a', 'GLT-H11', 'Glitter H11', 'جليتر H11', 'glt-h11', 2500, 1200, 'simple', true, 'active', true, 10, 14.00);
INSERT INTO catalog.products (id, tenant_id, category_id, sku, name, name_ar, slug, base_price, cost_price, product_type, is_active, status, track_inventory, low_stock_threshold, tax_rate) VALUES ('21fb7aac-155a-46cc-91dd-5d88a66771dd', 'a0000000-0000-0000-0000-000000000001', 'c1000000-0000-0000-0000-00000000000a', 'GLT-H16', 'Glitter H16', 'جليتر H16', 'glt-h16', 2500, 1200, 'simple', true, 'active', true, 10, 14.00);
INSERT INTO catalog.products (id, tenant_id, category_id, sku, name, name_ar, slug, base_price, cost_price, product_type, is_active, status, track_inventory, low_stock_threshold, tax_rate) VALUES ('0bec84dc-205a-412b-8a15-6761372bccfc', 'a0000000-0000-0000-0000-000000000001', 'c1000000-0000-0000-0000-00000000000a', 'GLT-H7', 'Glitter H7', 'جليتر H7', 'glt-h7', 2500, 1200, 'simple', true, 'active', true, 10, 14.00);
INSERT INTO catalog.products (id, tenant_id, category_id, sku, name, name_ar, slug, base_price, cost_price, product_type, is_active, status, track_inventory, low_stock_threshold, tax_rate) VALUES ('773de49c-3ac4-45e9-bdc4-0dcbd494ffbc', 'a0000000-0000-0000-0000-000000000001', 'c1000000-0000-0000-0000-00000000000a', 'GLT-H8', 'Glitter H8', 'جليتر H8', 'glt-h8', 2500, 1200, 'simple', true, 'active', true, 10, 14.00);
INSERT INTO catalog.products (id, tenant_id, category_id, sku, name, name_ar, slug, base_price, cost_price, product_type, is_active, status, track_inventory, low_stock_threshold, tax_rate) VALUES ('b535bc0c-417c-4c1c-bbea-aff5ae9d18d1', 'a0000000-0000-0000-0000-000000000001', 'c1000000-0000-0000-0000-00000000000a', 'GLT-H3', 'Glitter H3', 'جليتر H3', 'glt-h3', 2500, 1200, 'simple', true, 'active', true, 10, 14.00);
INSERT INTO catalog.products (id, tenant_id, category_id, sku, name, name_ar, slug, base_price, cost_price, product_type, is_active, status, track_inventory, low_stock_threshold, tax_rate) VALUES ('56830b50-86b8-47ab-8d7f-c8517009139d', 'a0000000-0000-0000-0000-000000000001', 'c1000000-0000-0000-0000-00000000000a', 'GLT-H0', 'Glitter H0', 'جليتر H0', 'glt-h0', 2500, 1200, 'simple', true, 'active', true, 10, 14.00);
INSERT INTO catalog.products (id, tenant_id, category_id, sku, name, name_ar, slug, base_price, cost_price, product_type, is_active, status, track_inventory, low_stock_threshold, tax_rate) VALUES ('efa98238-a80f-468b-a854-907a9abcfd88', 'a0000000-0000-0000-0000-000000000001', 'c1000000-0000-0000-0000-00000000000b', 'TBS-PKT', 'Triangle Burgundy Sponge', 'إسفنجة مثلث بورجندي', 'tbs-pkt', 2000, 1000, 'simple', true, 'active', true, 10, 14.00);
INSERT INTO catalog.products (id, tenant_id, category_id, sku, name, name_ar, slug, base_price, cost_price, product_type, is_active, status, track_inventory, low_stock_threshold, tax_rate) VALUES ('7c209569-acb0-45ed-a877-dc487f2cdb81', 'a0000000-0000-0000-0000-000000000001', 'c1000000-0000-0000-0000-00000000000c', 'LSH-SF140', 'Lashes sf140', 'رموش sf140', 'lsh-sf140', 3000, 1500, 'simple', true, 'active', true, 10, 14.00);
INSERT INTO catalog.products (id, tenant_id, category_id, sku, name, name_ar, slug, base_price, cost_price, product_type, is_active, status, track_inventory, low_stock_threshold, tax_rate) VALUES ('d1f0b909-baf8-470a-9e7f-a9a5744a7aec', 'a0000000-0000-0000-0000-000000000001', 'c1000000-0000-0000-0000-00000000000c', 'LSH-SF136', 'Lashes sf136', 'رموش sf136', 'lsh-sf136', 3000, 1500, 'simple', true, 'active', true, 10, 14.00);
INSERT INTO catalog.products (id, tenant_id, category_id, sku, name, name_ar, slug, base_price, cost_price, product_type, is_active, status, track_inventory, low_stock_threshold, tax_rate) VALUES ('2440cbd6-73aa-43e7-b34e-c1e1c223fbf9', 'a0000000-0000-0000-0000-000000000001', 'c1000000-0000-0000-0000-00000000000c', 'LSH-SF30', 'Lashes sf30', 'رموش sf30', 'lsh-sf30', 3000, 1500, 'simple', true, 'active', true, 10, 14.00);
INSERT INTO catalog.products (id, tenant_id, category_id, sku, name, name_ar, slug, base_price, cost_price, product_type, is_active, status, track_inventory, low_stock_threshold, tax_rate) VALUES ('7755f1d6-d42d-4f7d-98be-0c6448ed058e', 'a0000000-0000-0000-0000-000000000001', 'c1000000-0000-0000-0000-00000000000c', 'LSH-SF106', 'Lashes sf106', 'رموش sf106', 'lsh-sf106', 3000, 1500, 'simple', true, 'active', true, 10, 14.00);
INSERT INTO catalog.products (id, tenant_id, category_id, sku, name, name_ar, slug, base_price, cost_price, product_type, is_active, status, track_inventory, low_stock_threshold, tax_rate) VALUES ('0c36c3e1-7f52-46ea-a212-3f06735ffcad', 'a0000000-0000-0000-0000-000000000001', 'c1000000-0000-0000-0000-00000000000c', 'LSH-SF103', 'Lashes sf103', 'رموش sf103', 'lsh-sf103', 3000, 1500, 'simple', true, 'active', true, 10, 14.00);
INSERT INTO catalog.products (id, tenant_id, category_id, sku, name, name_ar, slug, base_price, cost_price, product_type, is_active, status, track_inventory, low_stock_threshold, tax_rate) VALUES ('743a5044-6ed5-4b56-a732-8968fec3c464', 'a0000000-0000-0000-0000-000000000001', 'c1000000-0000-0000-0000-00000000000c', 'LSH-SF21', 'Lashes sf21', 'رموش sf21', 'lsh-sf21', 3000, 1500, 'simple', true, 'active', true, 10, 14.00);
INSERT INTO catalog.products (id, tenant_id, category_id, sku, name, name_ar, slug, base_price, cost_price, product_type, is_active, status, track_inventory, low_stock_threshold, tax_rate) VALUES ('37a22333-3ddf-4c44-88b2-24c449cb765e', 'a0000000-0000-0000-0000-000000000001', 'c1000000-0000-0000-0000-00000000000c', 'LSH-SF138', 'Lashes sf138', 'رموش sf138', 'lsh-sf138', 3000, 1500, 'simple', true, 'active', true, 10, 14.00);
INSERT INTO catalog.products (id, tenant_id, category_id, sku, name, name_ar, slug, base_price, cost_price, product_type, is_active, status, track_inventory, low_stock_threshold, tax_rate) VALUES ('369c3d32-af3c-4fba-9e20-98e75ed62a00', 'a0000000-0000-0000-0000-000000000001', 'c1000000-0000-0000-0000-00000000000c', 'LSH-SF20', 'Lashes sf20', 'رموش sf20', 'lsh-sf20', 3000, 1500, 'simple', true, 'active', true, 10, 14.00);
INSERT INTO catalog.products (id, tenant_id, category_id, sku, name, name_ar, slug, base_price, cost_price, product_type, is_active, status, track_inventory, low_stock_threshold, tax_rate) VALUES ('832dfd57-c0b3-4834-87ef-90b2a4eb620a', 'a0000000-0000-0000-0000-000000000001', 'c1000000-0000-0000-0000-00000000000c', 'LSH-SF10', 'Lashes sf10', 'رموش sf10', 'lsh-sf10', 3000, 1500, 'simple', true, 'active', true, 10, 14.00);
INSERT INTO catalog.products (id, tenant_id, category_id, sku, name, name_ar, slug, base_price, cost_price, product_type, is_active, status, track_inventory, low_stock_threshold, tax_rate) VALUES ('abb2ff2e-1246-463a-8aa6-757c07d39949', 'a0000000-0000-0000-0000-000000000001', 'c1000000-0000-0000-0000-00000000000c', 'LSH-SF104', 'Lashes sf104', 'رموش sf104', 'lsh-sf104', 3000, 1500, 'simple', true, 'active', true, 10, 14.00);
INSERT INTO catalog.products (id, tenant_id, category_id, sku, name, name_ar, slug, base_price, cost_price, product_type, is_active, status, track_inventory, low_stock_threshold, tax_rate) VALUES ('26418cbe-1b8d-42ca-9d39-908988d38105', 'a0000000-0000-0000-0000-000000000001', 'c1000000-0000-0000-0000-00000000000c', 'LSH-SF135', 'Lashes sf135', 'رموش sf135', 'lsh-sf135', 3000, 1500, 'simple', true, 'active', true, 10, 14.00);
INSERT INTO catalog.products (id, tenant_id, category_id, sku, name, name_ar, slug, base_price, cost_price, product_type, is_active, status, track_inventory, low_stock_threshold, tax_rate) VALUES ('90bde0b0-e886-42fd-b433-d57501d80f9b', 'a0000000-0000-0000-0000-000000000001', 'c1000000-0000-0000-0000-00000000000c', 'LSH-SF22', 'Lashes sf22', 'رموش sf22', 'lsh-sf22', 3000, 1500, 'simple', true, 'active', true, 10, 14.00);
INSERT INTO catalog.products (id, tenant_id, category_id, sku, name, name_ar, slug, base_price, cost_price, product_type, is_active, status, track_inventory, low_stock_threshold, tax_rate) VALUES ('57d5d078-71bf-4e6e-a9d5-76cbc3fa0987', 'a0000000-0000-0000-0000-000000000001', 'c1000000-0000-0000-0000-00000000000c', 'LSH-SF102', 'Lashes sf102', 'رموش sf102', 'lsh-sf102', 3000, 1500, 'simple', true, 'active', true, 10, 14.00);
INSERT INTO catalog.products (id, tenant_id, category_id, sku, name, name_ar, slug, base_price, cost_price, product_type, is_active, status, track_inventory, low_stock_threshold, tax_rate) VALUES ('f2dbb3af-ea84-4688-978a-b077abf4dd18', 'a0000000-0000-0000-0000-000000000001', 'c1000000-0000-0000-0000-00000000000c', 'LSH-SF32', 'Lashes sf32', 'رموش sf32', 'lsh-sf32', 3000, 1500, 'simple', true, 'active', true, 10, 14.00);
INSERT INTO catalog.products (id, tenant_id, category_id, sku, name, name_ar, slug, base_price, cost_price, product_type, is_active, status, track_inventory, low_stock_threshold, tax_rate) VALUES ('a0a78591-552a-4504-b78d-0d00ac2607a2', 'a0000000-0000-0000-0000-000000000001', 'c1000000-0000-0000-0000-00000000000c', 'LSH-SF134', 'Lashes sf134', 'رموش sf134', 'lsh-sf134', 3000, 1500, 'simple', true, 'active', true, 10, 14.00);
INSERT INTO catalog.products (id, tenant_id, category_id, sku, name, name_ar, slug, base_price, cost_price, product_type, is_active, status, track_inventory, low_stock_threshold, tax_rate) VALUES ('ff0d1dc7-ba4f-4910-bef4-94ed00bbcd17', 'a0000000-0000-0000-0000-000000000001', 'c1000000-0000-0000-0000-00000000000c', 'LSH-SF108', 'Lashes sf108', 'رموش sf108', 'lsh-sf108', 3000, 1500, 'simple', true, 'active', true, 10, 14.00);
INSERT INTO catalog.products (id, tenant_id, category_id, sku, name, name_ar, slug, base_price, cost_price, product_type, is_active, status, track_inventory, low_stock_threshold, tax_rate) VALUES ('d6fe5dd3-8451-451a-b695-b1917bf6d17f', 'a0000000-0000-0000-0000-000000000001', 'c1000000-0000-0000-0000-00000000000c', 'LSH-SF207', 'Lashes sf207', 'رموش sf207', 'lsh-sf207', 3000, 1500, 'simple', true, 'active', true, 10, 14.00);
INSERT INTO catalog.products (id, tenant_id, category_id, sku, name, name_ar, slug, base_price, cost_price, product_type, is_active, status, track_inventory, low_stock_threshold, tax_rate) VALUES ('90dffd1a-7a44-4929-a18e-da10ab69735b', 'a0000000-0000-0000-0000-000000000001', 'c1000000-0000-0000-0000-00000000000c', 'LSH-SF107', 'Lashes sf107', 'رموش sf107', 'lsh-sf107', 3000, 1500, 'simple', true, 'active', true, 10, 14.00);
INSERT INTO catalog.products (id, tenant_id, category_id, sku, name, name_ar, slug, base_price, cost_price, product_type, is_active, status, track_inventory, low_stock_threshold, tax_rate) VALUES ('deb24361-84e5-4c91-9e55-d8cd2e076d58', 'a0000000-0000-0000-0000-000000000001', 'c1000000-0000-0000-0000-00000000000c', 'LSH-SF112', 'Lashes sf112', 'رموش sf112', 'lsh-sf112', 3000, 1500, 'simple', true, 'active', true, 10, 14.00);
INSERT INTO catalog.products (id, tenant_id, category_id, sku, name, name_ar, slug, base_price, cost_price, product_type, is_active, status, track_inventory, low_stock_threshold, tax_rate) VALUES ('05bc0209-0b03-4282-b7f5-da4290f99eb4', 'a0000000-0000-0000-0000-000000000001', 'c1000000-0000-0000-0000-00000000000c', 'LSH-SF201', 'Lashes sf201', 'رموش sf201', 'lsh-sf201', 3000, 1500, 'simple', true, 'active', true, 10, 14.00);
INSERT INTO catalog.products (id, tenant_id, category_id, sku, name, name_ar, slug, base_price, cost_price, product_type, is_active, status, track_inventory, low_stock_threshold, tax_rate) VALUES ('2cb94a82-62c8-4fb8-bdba-d80c4d291611', 'a0000000-0000-0000-0000-000000000001', 'c1000000-0000-0000-0000-00000000000c', 'LSH-SF204', 'Lashes sf204', 'رموش sf204', 'lsh-sf204', 3000, 1500, 'simple', true, 'active', true, 10, 14.00);
INSERT INTO catalog.products (id, tenant_id, category_id, sku, name, name_ar, slug, base_price, cost_price, product_type, is_active, status, track_inventory, low_stock_threshold, tax_rate) VALUES ('2d63c535-79b0-4c2d-a60f-4c26acaf0882', 'a0000000-0000-0000-0000-000000000001', 'c1000000-0000-0000-0000-00000000000c', 'LSH-SRF01', 'Lashes srf01', 'رموش srf01', 'lsh-srf01', 3000, 1500, 'simple', true, 'active', true, 10, 14.00);
INSERT INTO catalog.products (id, tenant_id, category_id, sku, name, name_ar, slug, base_price, cost_price, product_type, is_active, status, track_inventory, low_stock_threshold, tax_rate) VALUES ('17efdee8-d5bc-4be0-9bfb-03609c3d23c8', 'a0000000-0000-0000-0000-000000000001', 'c1000000-0000-0000-0000-00000000000c', 'LSH-SRF02', 'Lashes srf02', 'رموش srf02', 'lsh-srf02', 3000, 1500, 'simple', true, 'active', true, 10, 14.00);
INSERT INTO catalog.products (id, tenant_id, category_id, sku, name, name_ar, slug, base_price, cost_price, product_type, is_active, status, track_inventory, low_stock_threshold, tax_rate) VALUES ('b28849dc-e7b1-485c-8fae-8b86c3ae44c6', 'a0000000-0000-0000-0000-000000000001', 'c1000000-0000-0000-0000-00000000000c', 'LSH-SRF03', 'Lashes srf03', 'رموش srf03', 'lsh-srf03', 3000, 1500, 'simple', true, 'active', true, 10, 14.00);
INSERT INTO catalog.products (id, tenant_id, category_id, sku, name, name_ar, slug, base_price, cost_price, product_type, is_active, status, track_inventory, low_stock_threshold, tax_rate) VALUES ('c8e62cc1-5036-46cf-b06f-9fde54c4990c', 'a0000000-0000-0000-0000-000000000001', 'c1000000-0000-0000-0000-00000000000c', 'LSH-SRF04', 'Lashes srf04', 'رموش srf04', 'lsh-srf04', 3000, 1500, 'simple', true, 'active', true, 10, 14.00);
INSERT INTO catalog.products (id, tenant_id, category_id, sku, name, name_ar, slug, base_price, cost_price, product_type, is_active, status, track_inventory, low_stock_threshold, tax_rate) VALUES ('e9dfff17-ae3b-491d-8e46-2befeaaff2c6', 'a0000000-0000-0000-0000-000000000001', 'c1000000-0000-0000-0000-00000000000c', 'LSH-SRF05', 'Lashes srf05', 'رموش srf05', 'lsh-srf05', 3000, 1500, 'simple', true, 'active', true, 10, 14.00);
INSERT INTO catalog.products (id, tenant_id, category_id, sku, name, name_ar, slug, base_price, cost_price, product_type, is_active, status, track_inventory, low_stock_threshold, tax_rate) VALUES ('2d887a62-972c-4238-88c4-06ff8f101a44', 'a0000000-0000-0000-0000-000000000001', 'c1000000-0000-0000-0000-00000000000c', 'LSH-SRF06', 'Lashes srf06', 'رموش srf06', 'lsh-srf06', 3000, 1500, 'simple', true, 'active', true, 10, 14.00);
INSERT INTO catalog.products (id, tenant_id, category_id, sku, name, name_ar, slug, base_price, cost_price, product_type, is_active, status, track_inventory, low_stock_threshold, tax_rate) VALUES ('0482c76d-0cc9-485e-b2b1-db638044ad6d', 'a0000000-0000-0000-0000-000000000001', 'c1000000-0000-0000-0000-00000000000c', 'LSH-SRF07', 'Lashes srf07', 'رموش srf07', 'lsh-srf07', 3000, 1500, 'simple', true, 'active', true, 10, 14.00);
INSERT INTO catalog.products (id, tenant_id, category_id, sku, name, name_ar, slug, base_price, cost_price, product_type, is_active, status, track_inventory, low_stock_threshold, tax_rate) VALUES ('7702e761-91a9-4fd1-b25e-53bb2a6929c2', 'a0000000-0000-0000-0000-000000000001', 'c1000000-0000-0000-0000-00000000000c', 'LSH-SRF08', 'Lashes srf08', 'رموش srf08', 'lsh-srf08', 3000, 1500, 'simple', true, 'active', true, 10, 14.00);
INSERT INTO catalog.products (id, tenant_id, category_id, sku, name, name_ar, slug, base_price, cost_price, product_type, is_active, status, track_inventory, low_stock_threshold, tax_rate) VALUES ('4079acf9-2931-4b63-8e83-5ae8c142ad66', 'a0000000-0000-0000-0000-000000000001', 'c1000000-0000-0000-0000-00000000000c', 'LSH-SRF09', 'Lashes srf09', 'رموش srf09', 'lsh-srf09', 3000, 1500, 'simple', true, 'active', true, 10, 14.00);
INSERT INTO catalog.products (id, tenant_id, category_id, sku, name, name_ar, slug, base_price, cost_price, product_type, is_active, status, track_inventory, low_stock_threshold, tax_rate) VALUES ('92b25c6f-c21c-42d4-b9cc-d22f64125df1', 'a0000000-0000-0000-0000-000000000001', 'c1000000-0000-0000-0000-00000000000c', 'LSH-SRF10', 'Lashes srf10', 'رموش srf10', 'lsh-srf10', 3000, 1500, 'simple', true, 'active', true, 10, 14.00);
INSERT INTO catalog.products (id, tenant_id, category_id, sku, name, name_ar, slug, base_price, cost_price, product_type, is_active, status, track_inventory, low_stock_threshold, tax_rate) VALUES ('7c915ab3-7e47-4cac-b3cb-44da43d8e891', 'a0000000-0000-0000-0000-000000000001', 'c1000000-0000-0000-0000-00000000000c', 'LSH-SRF11', 'Lashes srf11', 'رموش srf11', 'lsh-srf11', 3000, 1500, 'simple', true, 'active', true, 10, 14.00);
INSERT INTO catalog.products (id, tenant_id, category_id, sku, name, name_ar, slug, base_price, cost_price, product_type, is_active, status, track_inventory, low_stock_threshold, tax_rate) VALUES ('8b0f1953-3844-43a9-8351-6089a8e189bd', 'a0000000-0000-0000-0000-000000000001', 'c1000000-0000-0000-0000-00000000000c', 'LSH-SRF12', 'Lashes srf12', 'رموش srf12', 'lsh-srf12', 3000, 1500, 'simple', true, 'active', true, 10, 14.00);
INSERT INTO catalog.products (id, tenant_id, category_id, sku, name, name_ar, slug, base_price, cost_price, product_type, is_active, status, track_inventory, low_stock_threshold, tax_rate) VALUES ('9c33a700-391e-4df9-8636-8a0308b560d9', 'a0000000-0000-0000-0000-000000000001', 'c1000000-0000-0000-0000-00000000000c', 'LSH-HD05', 'Lashes hd05', 'رموش hd05', 'lsh-hd05', 3000, 1500, 'simple', true, 'active', true, 10, 14.00);
INSERT INTO catalog.products (id, tenant_id, category_id, sku, name, name_ar, slug, base_price, cost_price, product_type, is_active, status, track_inventory, low_stock_threshold, tax_rate) VALUES ('19be23ac-cafc-4920-af0c-9310377d4405', 'a0000000-0000-0000-0000-000000000001', 'c1000000-0000-0000-0000-00000000000c', 'LSH-AYLA', 'Lashes ayla', 'رموش ayla', 'lsh-ayla', 3000, 1500, 'simple', true, 'active', true, 10, 14.00);
INSERT INTO catalog.products (id, tenant_id, category_id, sku, name, name_ar, slug, base_price, cost_price, product_type, is_active, status, track_inventory, low_stock_threshold, tax_rate) VALUES ('6b8859b3-34c6-4b1c-9d4c-62ab473e83bb', 'a0000000-0000-0000-0000-000000000001', 'c1000000-0000-0000-0000-00000000000c', 'LSH-LILI', 'Lashes LiLi', 'رموش LiLi', 'lsh-lili', 3000, 1500, 'simple', true, 'active', true, 10, 14.00);
INSERT INTO catalog.products (id, tenant_id, category_id, sku, name, name_ar, slug, base_price, cost_price, product_type, is_active, status, track_inventory, low_stock_threshold, tax_rate) VALUES ('5bc094d5-e907-433f-9a12-ad267a799a87', 'a0000000-0000-0000-0000-000000000001', 'c1000000-0000-0000-0000-00000000000c', 'LSH-S5', 'Lashes S5', 'رموش S5', 'lsh-s5', 3000, 1500, 'simple', true, 'active', true, 10, 14.00);
INSERT INTO catalog.products (id, tenant_id, category_id, sku, name, name_ar, slug, base_price, cost_price, product_type, is_active, status, track_inventory, low_stock_threshold, tax_rate) VALUES ('42fbe0e2-e689-4cf6-bf6f-a91c817aa68c', 'a0000000-0000-0000-0000-000000000001', 'c1000000-0000-0000-0000-00000000000c', 'LSH-1109', 'Lashes 1109', 'رموش 1109', 'lsh-1109', 3000, 1500, 'simple', true, 'active', true, 10, 14.00);
INSERT INTO catalog.products (id, tenant_id, category_id, sku, name, name_ar, slug, base_price, cost_price, product_type, is_active, status, track_inventory, low_stock_threshold, tax_rate) VALUES ('f3e894fa-4b4a-4d9f-abfc-1f7426eebca7', 'a0000000-0000-0000-0000-000000000001', 'c1000000-0000-0000-0000-00000000000c', 'LSH-3DHB31', 'Lashes 3DHB31', 'رموش 3DHB31', 'lsh-3dhb31', 3000, 1500, 'simple', true, 'active', true, 10, 14.00);
INSERT INTO catalog.products (id, tenant_id, category_id, sku, name, name_ar, slug, base_price, cost_price, product_type, is_active, status, track_inventory, low_stock_threshold, tax_rate) VALUES ('6caf6074-0eb0-4d56-8c64-1a469110d745', 'a0000000-0000-0000-0000-000000000001', 'c1000000-0000-0000-0000-00000000000c', 'LSH-RS', 'Lashes RS', 'رموش RS', 'lsh-rs', 3000, 1500, 'simple', true, 'active', true, 10, 14.00);
INSERT INTO catalog.products (id, tenant_id, category_id, sku, name, name_ar, slug, base_price, cost_price, product_type, is_active, status, track_inventory, low_stock_threshold, tax_rate) VALUES ('0c1881c0-9f74-48ee-8628-401e4b813d73', 'a0000000-0000-0000-0000-000000000001', 'c1000000-0000-0000-0000-00000000000c', 'LSH-PINKPKT', 'Lashes pink-pkt', 'رموش pink-pkt', 'lsh-pinkpkt', 3000, 1500, 'simple', true, 'active', true, 10, 14.00);
INSERT INTO catalog.products (id, tenant_id, category_id, sku, name, name_ar, slug, base_price, cost_price, product_type, is_active, status, track_inventory, low_stock_threshold, tax_rate) VALUES ('502adc25-c423-44e4-bd46-51467db84c51', 'a0000000-0000-0000-0000-000000000001', 'c1000000-0000-0000-0000-00000000000c', 'LSH-O2PKT', 'Lashes O2-pkt', 'رموش O2-pkt', 'lsh-o2pkt', 3000, 1500, 'simple', true, 'active', true, 10, 14.00);
INSERT INTO catalog.products (id, tenant_id, category_id, sku, name, name_ar, slug, base_price, cost_price, product_type, is_active, status, track_inventory, low_stock_threshold, tax_rate) VALUES ('d28e3e3e-f1a0-487d-b41b-6af3265c51f8', 'a0000000-0000-0000-0000-000000000001', 'c1000000-0000-0000-0000-00000000000c', 'LSH-W1', 'Lashes w1', 'رموش w1', 'lsh-w1', 3000, 1500, 'simple', true, 'active', true, 10, 14.00);
INSERT INTO catalog.products (id, tenant_id, category_id, sku, name, name_ar, slug, base_price, cost_price, product_type, is_active, status, track_inventory, low_stock_threshold, tax_rate) VALUES ('e68506b4-4913-4b8f-85e8-68b4d9d43f35', 'a0000000-0000-0000-0000-000000000001', 'c1000000-0000-0000-0000-00000000000c', 'LSH-LSH1', 'Lashes LSH-1', 'رموش LSH-1', 'lsh-lsh1', 3000, 1500, 'simple', true, 'active', true, 10, 14.00);
INSERT INTO catalog.products (id, tenant_id, category_id, sku, name, name_ar, slug, base_price, cost_price, product_type, is_active, status, track_inventory, low_stock_threshold, tax_rate) VALUES ('75aa7215-5c2d-42ab-b189-c0fa00c54f15', 'a0000000-0000-0000-0000-000000000001', 'c1000000-0000-0000-0000-00000000000c', 'LSH-1125', 'Lashes 1125', 'رموش 1125', 'lsh-1125', 3000, 1500, 'simple', true, 'active', true, 10, 14.00);
INSERT INTO catalog.products (id, tenant_id, category_id, sku, name, name_ar, slug, base_price, cost_price, product_type, is_active, status, track_inventory, low_stock_threshold, tax_rate) VALUES ('5b4aaa89-19ba-4ba4-a8e0-383dbf054ed7', 'a0000000-0000-0000-0000-000000000001', 'c1000000-0000-0000-0000-00000000000c', 'LSH-81129', 'Lashes 81129', 'رموش 81129', 'lsh-81129', 3000, 1500, 'simple', true, 'active', true, 10, 14.00);
INSERT INTO catalog.products (id, tenant_id, category_id, sku, name, name_ar, slug, base_price, cost_price, product_type, is_active, status, track_inventory, low_stock_threshold, tax_rate) VALUES ('2f527acd-0278-4bf2-9454-3e6df1cada8c', 'a0000000-0000-0000-0000-000000000001', 'c1000000-0000-0000-0000-00000000000c', 'LSH-81128', 'Lashes 81128', 'رموش 81128', 'lsh-81128', 3000, 1500, 'simple', true, 'active', true, 10, 14.00);
INSERT INTO catalog.products (id, tenant_id, category_id, sku, name, name_ar, slug, base_price, cost_price, product_type, is_active, status, track_inventory, low_stock_threshold, tax_rate) VALUES ('2b5a371c-30ad-4152-89c8-f31e3efd4ba4', 'a0000000-0000-0000-0000-000000000001', 'c1000000-0000-0000-0000-00000000000c', 'LSH-27', 'Lashes 27', 'رموش 27', 'lsh-27', 3000, 1500, 'simple', true, 'active', true, 10, 14.00);
INSERT INTO catalog.products (id, tenant_id, category_id, sku, name, name_ar, slug, base_price, cost_price, product_type, is_active, status, track_inventory, low_stock_threshold, tax_rate) VALUES ('38427ab1-c5ba-4a01-ba83-1a2b91f37b98', 'a0000000-0000-0000-0000-000000000001', 'c1000000-0000-0000-0000-00000000000c', 'LSH-PF07', 'Lashes pf07', 'رموش pf07', 'lsh-pf07', 3000, 1500, 'simple', true, 'active', true, 10, 14.00);
INSERT INTO catalog.products (id, tenant_id, category_id, sku, name, name_ar, slug, base_price, cost_price, product_type, is_active, status, track_inventory, low_stock_threshold, tax_rate) VALUES ('9da72235-7c13-4c64-9406-8231ec045950', 'a0000000-0000-0000-0000-000000000001', 'c1000000-0000-0000-0000-00000000000c', 'LSH-PKT4', 'Lashes pkt4', 'رموش pkt4', 'lsh-pkt4', 3000, 1500, 'simple', true, 'active', true, 10, 14.00);
INSERT INTO catalog.products (id, tenant_id, category_id, sku, name, name_ar, slug, base_price, cost_price, product_type, is_active, status, track_inventory, low_stock_threshold, tax_rate) VALUES ('1db6f911-67de-4358-88d4-2e91aff39807', 'a0000000-0000-0000-0000-000000000001', 'c1000000-0000-0000-0000-00000000000c', 'LSH-3401', 'Lashes 3401', 'رموش 3401', 'lsh-3401', 3000, 1500, 'simple', true, 'active', true, 10, 14.00);
INSERT INTO catalog.products (id, tenant_id, category_id, sku, name, name_ar, slug, base_price, cost_price, product_type, is_active, status, track_inventory, low_stock_threshold, tax_rate) VALUES ('ea510ec9-f823-4591-872b-794f54f6d0ac', 'a0000000-0000-0000-0000-000000000001', 'c1000000-0000-0000-0000-00000000000c', 'LSH-3409', 'Lashes 3409', 'رموش 3409', 'lsh-3409', 3000, 1500, 'simple', true, 'active', true, 10, 14.00);
INSERT INTO catalog.products (id, tenant_id, category_id, sku, name, name_ar, slug, base_price, cost_price, product_type, is_active, status, track_inventory, low_stock_threshold, tax_rate) VALUES ('47613af6-b150-4b18-9018-f51657704993', 'a0000000-0000-0000-0000-000000000001', 'c1000000-0000-0000-0000-00000000000d', 'BH-COPPER', 'Blusher Highlighter Copper', 'بلاشر هايلايتر Copper', 'bh-copper', 8000, 4000, 'simple', true, 'active', true, 10, 14.00);
INSERT INTO catalog.products (id, tenant_id, category_id, sku, name, name_ar, slug, base_price, cost_price, product_type, is_active, status, track_inventory, low_stock_threshold, tax_rate) VALUES ('03d56440-ef5e-48b7-beca-36e700d068ce', 'a0000000-0000-0000-0000-000000000001', 'c1000000-0000-0000-0000-00000000000d', 'BH-PASSION', 'Blusher Highlighter Passion', 'بلاشر هايلايتر Passion', 'bh-passion', 8000, 4000, 'simple', true, 'active', true, 10, 14.00);
INSERT INTO catalog.products (id, tenant_id, category_id, sku, name, name_ar, slug, base_price, cost_price, product_type, is_active, status, track_inventory, low_stock_threshold, tax_rate) VALUES ('4c1ab7ba-36cb-41a6-8bb3-f78dc8763e8a', 'a0000000-0000-0000-0000-000000000001', 'c1000000-0000-0000-0000-00000000000d', 'BH-BABY', 'Blusher Highlighter Baby', 'بلاشر هايلايتر Baby', 'bh-baby', 8000, 4000, 'simple', true, 'active', true, 10, 14.00);
INSERT INTO catalog.products (id, tenant_id, category_id, sku, name, name_ar, slug, base_price, cost_price, product_type, is_active, status, track_inventory, low_stock_threshold, tax_rate) VALUES ('7dddcd4f-6a17-4f0f-b29b-6cf9ef0dd483', 'a0000000-0000-0000-0000-000000000001', 'c1000000-0000-0000-0000-00000000000d', 'BH-PRETTY', 'Blusher Highlighter Pretty', 'بلاشر هايلايتر Pretty', 'bh-pretty', 8000, 4000, 'simple', true, 'active', true, 10, 14.00);
INSERT INTO catalog.products (id, tenant_id, category_id, sku, name, name_ar, slug, base_price, cost_price, product_type, is_active, status, track_inventory, low_stock_threshold, tax_rate) VALUES ('f2ad85ab-eb08-4cd6-994c-f6c1bc9daeaa', 'a0000000-0000-0000-0000-000000000001', 'c1000000-0000-0000-0000-00000000000d', 'BH-MOOD', 'Blusher Highlighter Mood', 'بلاشر هايلايتر Mood', 'bh-mood', 8000, 4000, 'simple', true, 'active', true, 10, 14.00);
INSERT INTO catalog.products (id, tenant_id, category_id, sku, name, name_ar, slug, base_price, cost_price, product_type, is_active, status, track_inventory, low_stock_threshold, tax_rate) VALUES ('1c2e97ce-0742-4e93-b279-1b3ea088f9d5', 'a0000000-0000-0000-0000-000000000001', 'c1000000-0000-0000-0000-00000000000e', 'BR-DLP', 'Double Liquid Powder', 'فرشة سائل وبودرة', 'br-dlp', 6000, 3000, 'simple', true, 'active', true, 10, 14.00);
INSERT INTO catalog.products (id, tenant_id, category_id, sku, name, name_ar, slug, base_price, cost_price, product_type, is_active, status, track_inventory, low_stock_threshold, tax_rate) VALUES ('127659da-ea6d-458f-888f-7bf2ee2481e1', 'a0000000-0000-0000-0000-000000000001', 'c1000000-0000-0000-0000-00000000000e', 'BR-BDB', 'Brown Double Blusher', 'فرشة بلاشر بني مزدوجة', 'br-bdb', 5500, 2750, 'simple', true, 'active', true, 10, 14.00);
INSERT INTO catalog.products (id, tenant_id, category_id, sku, name, name_ar, slug, base_price, cost_price, product_type, is_active, status, track_inventory, low_stock_threshold, tax_rate) VALUES ('1ba5118a-045c-4a51-ba2a-1c79b7e7026b', 'a0000000-0000-0000-0000-000000000001', 'c1000000-0000-0000-0000-00000000000e', 'BR-GHBB', 'Goat Hair Black Blusher', 'فرشة بلاشر شعر ماعز', 'br-ghbb', 7000, 3500, 'simple', true, 'active', true, 10, 14.00);
INSERT INTO catalog.products (id, tenant_id, category_id, sku, name, name_ar, slug, base_price, cost_price, product_type, is_active, status, track_inventory, low_stock_threshold, tax_rate) VALUES ('13f59de8-54c3-4491-bcf9-eaab3e107a72', 'a0000000-0000-0000-0000-000000000001', 'c1000000-0000-0000-0000-00000000000e', 'BR-GHBP', 'Goat Hair Black Powder', 'فرشة بودرة شعر ماعز', 'br-ghbp', 7000, 3500, 'simple', true, 'active', true, 10, 14.00);
INSERT INTO catalog.products (id, tenant_id, category_id, sku, name, name_ar, slug, base_price, cost_price, product_type, is_active, status, track_inventory, low_stock_threshold, tax_rate) VALUES ('162e921d-5220-4df4-b05a-99ade307f16d', 'a0000000-0000-0000-0000-000000000001', 'c1000000-0000-0000-0000-00000000000e', 'BR-GHCD', 'Goat Hair Contour Double', 'فرشة كونتور شعر ماعز', 'br-ghcd', 7500, 3750, 'simple', true, 'active', true, 10, 14.00);
INSERT INTO catalog.products (id, tenant_id, category_id, sku, name, name_ar, slug, base_price, cost_price, product_type, is_active, status, track_inventory, low_stock_threshold, tax_rate) VALUES ('08c901fd-abb9-4523-8411-1e2455697702', 'a0000000-0000-0000-0000-000000000001', 'c1000000-0000-0000-0000-00000000000e', 'BR-JDBB', 'Jacob Double Black Brush', 'فرشة جاكوب سوداء مزدوجة', 'br-jdbb', 6000, 3000, 'simple', true, 'active', true, 10, 14.00);
INSERT INTO catalog.products (id, tenant_id, category_id, sku, name, name_ar, slug, base_price, cost_price, product_type, is_active, status, track_inventory, low_stock_threshold, tax_rate) VALUES ('a624cc48-a031-4877-9886-0e92861faa29', 'a0000000-0000-0000-0000-000000000001', 'c1000000-0000-0000-0000-00000000000e', 'BR-BEBJ', 'Brush Eyebrow Black Jacob', 'فرشة حواجب جاكوب سوداء', 'br-bebj', 4000, 2000, 'simple', true, 'active', true, 10, 14.00);
INSERT INTO catalog.products (id, tenant_id, category_id, sku, name, name_ar, slug, base_price, cost_price, product_type, is_active, status, track_inventory, low_stock_threshold, tax_rate) VALUES ('1a7e6980-22ed-4e3d-9e9d-81811c0107b8', 'a0000000-0000-0000-0000-000000000001', 'c1000000-0000-0000-0000-00000000000e', 'BR-MEL', 'Maasoma Eyeliner Brush', 'فرشة آيلاينر معصومة', 'br-mel', 4500, 2250, 'simple', true, 'active', true, 10, 14.00);
INSERT INTO catalog.products (id, tenant_id, category_id, sku, name, name_ar, slug, base_price, cost_price, product_type, is_active, status, track_inventory, low_stock_threshold, tax_rate) VALUES ('b47b7b19-4100-4a08-8a5f-9fe5682ff9bc', 'a0000000-0000-0000-0000-000000000001', 'c1000000-0000-0000-0000-00000000000e', 'BR-JBE', 'Jacob Blend Eye Brush', 'فرشة بلند جاكوب', 'br-jbe', 5000, 2500, 'simple', true, 'active', true, 10, 14.00);
INSERT INTO catalog.products (id, tenant_id, category_id, sku, name, name_ar, slug, base_price, cost_price, product_type, is_active, status, track_inventory, low_stock_threshold, tax_rate) VALUES ('44182832-c131-43cd-9171-fdf349e2a407', 'a0000000-0000-0000-0000-000000000001', 'c1000000-0000-0000-0000-00000000000e', 'BR-BB28', 'Brown Brush 28', 'فرشة بني 28', 'br-bb28', 5000, 2500, 'simple', true, 'active', true, 10, 14.00);
INSERT INTO catalog.products (id, tenant_id, category_id, sku, name, name_ar, slug, base_price, cost_price, product_type, is_active, status, track_inventory, low_stock_threshold, tax_rate) VALUES ('cffed416-b7b0-4936-82d2-2ce35d0cce66', 'a0000000-0000-0000-0000-000000000001', 'c1000000-0000-0000-0000-00000000000e', 'BR-UEB', 'Under Eye Brown Brush', 'فرشة تحت العين بني', 'br-ueb', 4500, 2250, 'simple', true, 'active', true, 10, 14.00);
INSERT INTO catalog.products (id, tenant_id, category_id, sku, name, name_ar, slug, base_price, cost_price, product_type, is_active, status, track_inventory, low_stock_threshold, tax_rate) VALUES ('8d829fb7-a716-4ed9-8bd6-d8f743587b05', 'a0000000-0000-0000-0000-000000000001', 'c1000000-0000-0000-0000-00000000000e', 'BR-NCB', 'Nose Contour Brush', 'فرشة كونتور أنف', 'br-ncb', 4000, 2000, 'simple', true, 'active', true, 10, 14.00);
INSERT INTO catalog.products (id, tenant_id, category_id, sku, name, name_ar, slug, base_price, cost_price, product_type, is_active, status, track_inventory, low_stock_threshold, tax_rate) VALUES ('f9164c29-d8d5-4c7e-b7fe-bbf43b461478', 'a0000000-0000-0000-0000-000000000001', 'c1000000-0000-0000-0000-00000000000e', 'BR-BGEB', 'Big Gold Eye Brow Brush', 'فرشة حواجب ذهبية كبيرة', 'br-bgeb', 6000, 3000, 'simple', true, 'active', true, 10, 14.00);
INSERT INTO catalog.products (id, tenant_id, category_id, sku, name, name_ar, slug, base_price, cost_price, product_type, is_active, status, track_inventory, low_stock_threshold, tax_rate) VALUES ('d92b8adb-fed6-478c-8cc7-8d4c4f1d0661', 'a0000000-0000-0000-0000-000000000001', 'c1000000-0000-0000-0000-00000000000e', 'BR-SGB', 'Silicon Glitter Brush', 'فرشة سيليكون جليتر', 'br-sgb', 3500, 1750, 'simple', true, 'active', true, 10, 14.00);
INSERT INTO catalog.products (id, tenant_id, category_id, sku, name, name_ar, slug, base_price, cost_price, product_type, is_active, status, track_inventory, low_stock_threshold, tax_rate) VALUES ('ddf496fb-54aa-4339-b72f-ac6ab025a748', 'a0000000-0000-0000-0000-000000000001', 'c1000000-0000-0000-0000-00000000000e', 'BR-SEB', 'Small Eyebrow Black', 'فرشة حواجب صغيرة سوداء', 'br-seb', 3000, 1500, 'simple', true, 'active', true, 10, 14.00);
INSERT INTO catalog.products (id, tenant_id, category_id, sku, name, name_ar, slug, base_price, cost_price, product_type, is_active, status, track_inventory, low_stock_threshold, tax_rate) VALUES ('aacb8ff2-a42a-4012-b98f-fec47b4f8a10', 'a0000000-0000-0000-0000-000000000001', 'c1000000-0000-0000-0000-00000000000e', 'BR-LEB', 'Large Eyebrow Black', 'فرشة حواجب كبيرة سوداء', 'br-leb', 4000, 2000, 'simple', true, 'active', true, 10, 14.00);
INSERT INTO catalog.products (id, tenant_id, category_id, sku, name, name_ar, slug, base_price, cost_price, product_type, is_active, status, track_inventory, low_stock_threshold, tax_rate) VALUES ('1d3fc3a6-9651-4fd2-a7cc-406a030727ff', 'a0000000-0000-0000-0000-000000000001', 'c1000000-0000-0000-0000-00000000000e', 'BR-CCBL', 'Cut Cares Black Large', 'فرشة قص كبيرة سوداء', 'br-ccbl', 5000, 2500, 'simple', true, 'active', true, 10, 14.00);
INSERT INTO catalog.products (id, tenant_id, category_id, sku, name, name_ar, slug, base_price, cost_price, product_type, is_active, status, track_inventory, low_stock_threshold, tax_rate) VALUES ('c8826704-eef9-4239-a836-23670764da22', 'a0000000-0000-0000-0000-000000000001', 'c1000000-0000-0000-0000-00000000000e', 'BR-CCBS', 'Cut Cares Black Small', 'فرشة قص صغيرة سوداء', 'br-ccbs', 4000, 2000, 'simple', true, 'active', true, 10, 14.00);
INSERT INTO catalog.products (id, tenant_id, category_id, sku, name, name_ar, slug, base_price, cost_price, product_type, is_active, status, track_inventory, low_stock_threshold, tax_rate) VALUES ('9e55e3d0-fc4a-46d5-acee-cc222568fbf9', 'a0000000-0000-0000-0000-000000000001', 'c1000000-0000-0000-0000-00000000000f', 'SET-DALIA', 'Dalia Brush Set', 'طقم فرش داليا', 'set-dalia', 25000, 12500, 'simple', true, 'active', true, 10, 14.00);
INSERT INTO catalog.products (id, tenant_id, category_id, sku, name, name_ar, slug, base_price, cost_price, product_type, is_active, status, track_inventory, low_stock_threshold, tax_rate) VALUES ('13fd2812-165f-4880-98d3-da195a940e78', 'a0000000-0000-0000-0000-000000000001', 'c1000000-0000-0000-0000-00000000000f', 'SET-FACE-BRN', 'Face Brown Brush Set', 'طقم فرش وجه بني', 'set-face-brn', 18000, 9000, 'simple', true, 'active', true, 10, 14.00);
INSERT INTO catalog.products (id, tenant_id, category_id, sku, name, name_ar, slug, base_price, cost_price, product_type, is_active, status, track_inventory, low_stock_threshold, tax_rate) VALUES ('dcf3a2ae-a9e0-4a01-8695-d7d150032076', 'a0000000-0000-0000-0000-000000000001', 'c1000000-0000-0000-0000-00000000000f', 'SET-SILVER', 'Silver Brush Set', 'طقم فرش فضي', 'set-silver', 20000, 10000, 'simple', true, 'active', true, 10, 14.00);
INSERT INTO catalog.products (id, tenant_id, category_id, sku, name, name_ar, slug, base_price, cost_price, product_type, is_active, status, track_inventory, low_stock_threshold, tax_rate) VALUES ('815d097b-ea90-4d55-bcec-1aeba8c2a34c', 'a0000000-0000-0000-0000-000000000001', 'c1000000-0000-0000-0000-00000000000f', 'SET-ESRAA', 'Esraa Elshaaer Brush Set', 'طقم فرش إسراء الشاعر', 'set-esraa', 22000, 11000, 'simple', true, 'active', true, 10, 14.00);
INSERT INTO catalog.products (id, tenant_id, category_id, sku, name, name_ar, slug, base_price, cost_price, product_type, is_active, status, track_inventory, low_stock_threshold, tax_rate) VALUES ('92b1baca-b175-4906-a8f7-6cb4074c7978', 'a0000000-0000-0000-0000-000000000001', 'c1000000-0000-0000-0000-00000000000f', 'SET-PINK', 'Pink Brush Set', 'طقم فرش وردي', 'set-pink', 18000, 9000, 'simple', true, 'active', true, 10, 14.00);
INSERT INTO catalog.products (id, tenant_id, category_id, sku, name, name_ar, slug, base_price, cost_price, product_type, is_active, status, track_inventory, low_stock_threshold, tax_rate) VALUES ('03425518-1034-43f8-b153-7c94effc026b', 'a0000000-0000-0000-0000-000000000001', 'c1000000-0000-0000-0000-00000000000f', 'SET-JCB-GRN', 'Jacob Green Brush Set', 'طقم فرش جاكوب أخضر', 'set-jcb-grn', 20000, 10000, 'simple', true, 'active', true, 10, 14.00);
INSERT INTO catalog.products (id, tenant_id, category_id, sku, name, name_ar, slug, base_price, cost_price, product_type, is_active, status, track_inventory, low_stock_threshold, tax_rate) VALUES ('cef29b86-78bf-4939-80da-66fee99c5b7d', 'a0000000-0000-0000-0000-000000000001', 'c1000000-0000-0000-0000-00000000000f', 'SET-YELLOW', 'Yellow Brush Set', 'طقم فرش أصفر', 'set-yellow', 18000, 9000, 'simple', true, 'active', true, 10, 14.00);
INSERT INTO catalog.products (id, tenant_id, category_id, sku, name, name_ar, slug, base_price, cost_price, product_type, is_active, status, track_inventory, low_stock_threshold, tax_rate) VALUES ('f25a1728-620a-438c-b820-3e7daf83e5e5', 'a0000000-0000-0000-0000-000000000001', 'c1000000-0000-0000-0000-00000000000f', 'SET-EYE-BLK7', 'Eye Set Black 7pc', 'طقم عين أسود 7 قطع', 'set-eye-blk7', 15000, 7500, 'simple', true, 'active', true, 10, 14.00);
INSERT INTO catalog.products (id, tenant_id, category_id, sku, name, name_ar, slug, base_price, cost_price, product_type, is_active, status, track_inventory, low_stock_threshold, tax_rate) VALUES ('f67373a4-4533-4634-a49c-a1d1d060d56d', 'a0000000-0000-0000-0000-000000000001', 'c1000000-0000-0000-0000-00000000000f', 'SET-BLK-33P', 'Black Brush Set 33pc', 'طقم فرش أسود 33 قطعة', 'set-blk-33p', 45000, 22500, 'simple', true, 'active', true, 10, 14.00);

-- Step 4: Stock levels
INSERT INTO inventory.stock_levels (id, tenant_id, product_id, warehouse_id, qty_on_hand) VALUES ('ea347715-450d-4f99-b646-7189d71683c5', 'a0000000-0000-0000-0000-000000000001', '84726e32-0156-4117-b0c9-9386fdff5cec', '20000000-0000-0000-0000-000000000001', 45);
INSERT INTO inventory.stock_levels (id, tenant_id, product_id, warehouse_id, qty_on_hand) VALUES ('a7652b73-2742-4190-8b5f-241d2fbc74c4', 'a0000000-0000-0000-0000-000000000001', 'e6752fee-c876-4697-8daa-d0b913242fc0', '20000000-0000-0000-0000-000000000001', 29);
INSERT INTO inventory.stock_levels (id, tenant_id, product_id, warehouse_id, qty_on_hand) VALUES ('4dfab16a-139e-4666-a5fb-9254a870fe5d', 'a0000000-0000-0000-0000-000000000001', 'c7fa05ea-298f-4b36-a2f2-901521642d0f', '20000000-0000-0000-0000-000000000001', 8);
INSERT INTO inventory.stock_levels (id, tenant_id, product_id, warehouse_id, qty_on_hand) VALUES ('9cbb6fea-c19d-4a87-99dc-5930b0f4eba2', 'a0000000-0000-0000-0000-000000000001', 'a18f5e43-3693-4fbe-9866-191bb84daa3d', '20000000-0000-0000-0000-000000000001', 29);
INSERT INTO inventory.stock_levels (id, tenant_id, product_id, warehouse_id, qty_on_hand) VALUES ('86dc58b9-2e47-4b6e-a008-725ddd14fdee', 'a0000000-0000-0000-0000-000000000001', '3cf2e6e4-6b65-49a1-9a9f-dcc1b907124a', '20000000-0000-0000-0000-000000000001', 31);
INSERT INTO inventory.stock_levels (id, tenant_id, product_id, warehouse_id, qty_on_hand) VALUES ('89b33625-b139-4aae-9830-81480efc7751', 'a0000000-0000-0000-0000-000000000001', '1025c3de-bf6f-4de9-8f01-27469e47fede', '20000000-0000-0000-0000-000000000001', 50);
INSERT INTO inventory.stock_levels (id, tenant_id, product_id, warehouse_id, qty_on_hand) VALUES ('b03c1212-87ca-454c-99e0-8c592013d3d0', 'a0000000-0000-0000-0000-000000000001', 'b2773228-1ee2-4005-b516-5a741fb67a04', '20000000-0000-0000-0000-000000000001', 79);
INSERT INTO inventory.stock_levels (id, tenant_id, product_id, warehouse_id, qty_on_hand) VALUES ('b707d6a1-3466-41e7-a2f9-bd60893821c1', 'a0000000-0000-0000-0000-000000000001', 'a85158a7-bda2-4fb4-af9b-bfe40936ce35', '20000000-0000-0000-0000-000000000001', 66);
INSERT INTO inventory.stock_levels (id, tenant_id, product_id, warehouse_id, qty_on_hand) VALUES ('0d46ae37-9694-467c-894b-7e5e6bd46208', 'a0000000-0000-0000-0000-000000000001', '52081cba-8eb9-4bcc-b6b5-6e679e130639', '20000000-0000-0000-0000-000000000001', 39);
INSERT INTO inventory.stock_levels (id, tenant_id, product_id, warehouse_id, qty_on_hand) VALUES ('929c88cc-7a3b-42dc-a62e-00c7a9869c19', 'a0000000-0000-0000-0000-000000000001', '54c6d34f-864a-447e-8554-47b49aac2042', '20000000-0000-0000-0000-000000000001', 65);
INSERT INTO inventory.stock_levels (id, tenant_id, product_id, warehouse_id, qty_on_hand) VALUES ('a43838ca-9fd2-46b9-885c-23a836e4cd12', 'a0000000-0000-0000-0000-000000000001', '9eabcf05-2139-4803-bc06-33365778c692', '20000000-0000-0000-0000-000000000001', 7);
INSERT INTO inventory.stock_levels (id, tenant_id, product_id, warehouse_id, qty_on_hand) VALUES ('a4e54b1e-b583-4e71-8ced-96ecd7bf0248', 'a0000000-0000-0000-0000-000000000001', '7300504b-a00d-49b7-b1d0-5bc03a9b068f', '20000000-0000-0000-0000-000000000001', 58);
INSERT INTO inventory.stock_levels (id, tenant_id, product_id, warehouse_id, qty_on_hand) VALUES ('1bac7f22-ac2e-4c56-a275-7193997c0490', 'a0000000-0000-0000-0000-000000000001', '6f35beac-7568-4c9c-ae6c-4c4fefd68d33', '20000000-0000-0000-0000-000000000001', 49);
INSERT INTO inventory.stock_levels (id, tenant_id, product_id, warehouse_id, qty_on_hand) VALUES ('857b1ae5-0a39-47dd-b22d-0b79faffb207', 'a0000000-0000-0000-0000-000000000001', '5cd3e093-bac6-4637-9193-6deadfecd5bd', '20000000-0000-0000-0000-000000000001', 156);
INSERT INTO inventory.stock_levels (id, tenant_id, product_id, warehouse_id, qty_on_hand) VALUES ('19f359bf-58e1-485f-a62b-9365d66cfbf2', 'a0000000-0000-0000-0000-000000000001', 'de4c81ec-7366-4642-8a68-ffa5839ca7d4', '20000000-0000-0000-0000-000000000001', 83);
INSERT INTO inventory.stock_levels (id, tenant_id, product_id, warehouse_id, qty_on_hand) VALUES ('3bff900d-f3c3-4423-b9c6-8ab71dd1fac3', 'a0000000-0000-0000-0000-000000000001', '43275676-b084-408c-b4d2-941e62375b48', '20000000-0000-0000-0000-000000000001', 57);
INSERT INTO inventory.stock_levels (id, tenant_id, product_id, warehouse_id, qty_on_hand) VALUES ('8019e4a6-addd-46f3-8c4f-1c5c3a5a02b9', 'a0000000-0000-0000-0000-000000000001', '1c2ddb3f-2c3d-44eb-a293-0eb675197c3d', '20000000-0000-0000-0000-000000000001', 1);
INSERT INTO inventory.stock_levels (id, tenant_id, product_id, warehouse_id, qty_on_hand) VALUES ('74e623db-6bb3-4bb0-9ee0-4f719f323fcb', 'a0000000-0000-0000-0000-000000000001', 'c3c69649-cda6-4eaf-ba12-be0046d60798', '20000000-0000-0000-0000-000000000001', 86);
INSERT INTO inventory.stock_levels (id, tenant_id, product_id, warehouse_id, qty_on_hand) VALUES ('518b393e-e1b4-41c5-86b6-dbeef26fa05b', 'a0000000-0000-0000-0000-000000000001', '52dc5791-5d47-44f7-8e9f-8f6fed43bfe9', '20000000-0000-0000-0000-000000000001', 218);
INSERT INTO inventory.stock_levels (id, tenant_id, product_id, warehouse_id, qty_on_hand) VALUES ('11e47200-43fb-46cf-8a9f-0fba98794181', 'a0000000-0000-0000-0000-000000000001', 'b5985c88-3acc-41b6-836a-ae8d92c5877c', '20000000-0000-0000-0000-000000000001', 99);
INSERT INTO inventory.stock_levels (id, tenant_id, product_id, warehouse_id, qty_on_hand) VALUES ('ab1d1c9c-f5fd-43f7-9a40-eee048aee81e', 'a0000000-0000-0000-0000-000000000001', 'c7b48c58-5843-4574-badd-2ecef21ce2ee', '20000000-0000-0000-0000-000000000001', 122);
INSERT INTO inventory.stock_levels (id, tenant_id, product_id, warehouse_id, qty_on_hand) VALUES ('b51eea29-c0ad-42d7-9440-60a7a0e3e091', 'a0000000-0000-0000-0000-000000000001', 'f3654d51-853a-4829-96e0-a37b3c470587', '20000000-0000-0000-0000-000000000001', 14);
INSERT INTO inventory.stock_levels (id, tenant_id, product_id, warehouse_id, qty_on_hand) VALUES ('fb7210c6-ff78-4f05-9d7b-987268a0a770', 'a0000000-0000-0000-0000-000000000001', '3d43d04b-a181-4cfd-8172-0a43a5c25a73', '20000000-0000-0000-0000-000000000001', 25);
INSERT INTO inventory.stock_levels (id, tenant_id, product_id, warehouse_id, qty_on_hand) VALUES ('8618692e-cf53-4eee-a3d3-331e4115ef6b', 'a0000000-0000-0000-0000-000000000001', '5e89e435-391f-4526-8efe-7829add4b921', '20000000-0000-0000-0000-000000000001', 85);
INSERT INTO inventory.stock_levels (id, tenant_id, product_id, warehouse_id, qty_on_hand) VALUES ('3c52a83f-79c8-46c8-8931-8e66436bef5c', 'a0000000-0000-0000-0000-000000000001', '44aef981-5fef-4dc7-95d1-6b01b7d0e48d', '20000000-0000-0000-0000-000000000001', 862);
INSERT INTO inventory.stock_levels (id, tenant_id, product_id, warehouse_id, qty_on_hand) VALUES ('f7e0da81-51dc-43a9-a2c6-e23f4dfab0a3', 'a0000000-0000-0000-0000-000000000001', 'dccf1b86-14f4-4cd3-aaf4-3e3e7d37aadf', '20000000-0000-0000-0000-000000000001', 578);
INSERT INTO inventory.stock_levels (id, tenant_id, product_id, warehouse_id, qty_on_hand) VALUES ('defd5ebd-88dd-404a-bd44-14ec787b6e10', 'a0000000-0000-0000-0000-000000000001', '82d35b97-0078-42b2-b36a-6758566e7176', '20000000-0000-0000-0000-000000000001', 433);
INSERT INTO inventory.stock_levels (id, tenant_id, product_id, warehouse_id, qty_on_hand) VALUES ('57a6936d-5041-48eb-9339-27d79879c23f', 'a0000000-0000-0000-0000-000000000001', 'ecc89e22-aa57-43b6-9839-7326a4e27481', '20000000-0000-0000-0000-000000000001', 274);
INSERT INTO inventory.stock_levels (id, tenant_id, product_id, warehouse_id, qty_on_hand) VALUES ('7921db71-5046-480a-9659-0d218b6a8e7d', 'a0000000-0000-0000-0000-000000000001', 'f51ba12e-b70b-44f2-a090-8c0791ac53c0', '20000000-0000-0000-0000-000000000001', 504);
INSERT INTO inventory.stock_levels (id, tenant_id, product_id, warehouse_id, qty_on_hand) VALUES ('201ac0aa-f1f5-4b08-b3b6-4b1d84e9e6e6', 'a0000000-0000-0000-0000-000000000001', '53600907-af0d-4ff3-90e2-131b5917a51c', '20000000-0000-0000-0000-000000000001', 250);
INSERT INTO inventory.stock_levels (id, tenant_id, product_id, warehouse_id, qty_on_hand) VALUES ('07d75a15-fe6c-4581-87ed-87080268b1bf', 'a0000000-0000-0000-0000-000000000001', '197777b0-ee95-494f-af3d-66386d0a4ba7', '20000000-0000-0000-0000-000000000001', 478);
INSERT INTO inventory.stock_levels (id, tenant_id, product_id, warehouse_id, qty_on_hand) VALUES ('e1cf5217-178b-4152-a2fe-4b8a1ffa1372', 'a0000000-0000-0000-0000-000000000001', 'b56750b3-3aeb-4905-a710-8130c0130bc6', '20000000-0000-0000-0000-000000000001', 141);
INSERT INTO inventory.stock_levels (id, tenant_id, product_id, warehouse_id, qty_on_hand) VALUES ('af1647c3-8766-4b67-a349-570bb68f10e3', 'a0000000-0000-0000-0000-000000000001', 'a4fc7243-4400-4484-aa92-64ca6484d972', '20000000-0000-0000-0000-000000000001', 82);
INSERT INTO inventory.stock_levels (id, tenant_id, product_id, warehouse_id, qty_on_hand) VALUES ('6ea5a851-1945-4643-8493-5befb8fd6c97', 'a0000000-0000-0000-0000-000000000001', 'f688bac7-3904-47a7-a2f5-e0dc57a1c69b', '20000000-0000-0000-0000-000000000001', 214);
INSERT INTO inventory.stock_levels (id, tenant_id, product_id, warehouse_id, qty_on_hand) VALUES ('bcabb8f2-d222-4cec-a305-71f018bf1142', 'a0000000-0000-0000-0000-000000000001', '95c617fe-6cf0-4860-beae-8f369ec4be04', '20000000-0000-0000-0000-000000000001', 39);
INSERT INTO inventory.stock_levels (id, tenant_id, product_id, warehouse_id, qty_on_hand) VALUES ('8ad7ae72-04cf-4b18-965d-4fab4de312ef', 'a0000000-0000-0000-0000-000000000001', 'ef1f6694-3db0-4947-9479-313800113958', '20000000-0000-0000-0000-000000000001', 180);
INSERT INTO inventory.stock_levels (id, tenant_id, product_id, warehouse_id, qty_on_hand) VALUES ('fa40b28f-cdf4-4eab-9746-be3292a6afed', 'a0000000-0000-0000-0000-000000000001', '5f0823f7-7d29-4838-9014-4bf8b66308e6', '20000000-0000-0000-0000-000000000001', 379);
INSERT INTO inventory.stock_levels (id, tenant_id, product_id, warehouse_id, qty_on_hand) VALUES ('56f7cd2a-f965-497a-a19c-df496683bc2a', 'a0000000-0000-0000-0000-000000000001', '9d1be5da-a4d2-4c4c-a9c8-f30f2a6f930f', '20000000-0000-0000-0000-000000000001', 137);
INSERT INTO inventory.stock_levels (id, tenant_id, product_id, warehouse_id, qty_on_hand) VALUES ('4210ab99-fd2b-4138-9414-0fdef3e58cd0', 'a0000000-0000-0000-0000-000000000001', '90aab3bb-7eef-4827-8137-505375d25254', '20000000-0000-0000-0000-000000000001', 1);
INSERT INTO inventory.stock_levels (id, tenant_id, product_id, warehouse_id, qty_on_hand) VALUES ('065a7016-f148-4103-b90c-cd19c829f6fe', 'a0000000-0000-0000-0000-000000000001', 'e31e5da6-6d61-4293-9ad7-8a45e5a5c21d', '20000000-0000-0000-0000-000000000001', 142);
INSERT INTO inventory.stock_levels (id, tenant_id, product_id, warehouse_id, qty_on_hand) VALUES ('0a1499b4-2923-4009-b1fc-df71d41fd26d', 'a0000000-0000-0000-0000-000000000001', '6c87accc-abc4-4ccb-ae7c-a968483d7187', '20000000-0000-0000-0000-000000000001', 531);
INSERT INTO inventory.stock_levels (id, tenant_id, product_id, warehouse_id, qty_on_hand) VALUES ('f754313e-b6c4-48bf-8f05-491a0a2ff740', 'a0000000-0000-0000-0000-000000000001', '2f392d2b-ca88-4dca-bee9-37b0c264d8c1', '20000000-0000-0000-0000-000000000001', 501);
INSERT INTO inventory.stock_levels (id, tenant_id, product_id, warehouse_id, qty_on_hand) VALUES ('edca4987-c770-4c5d-bf6e-968eccbc668f', 'a0000000-0000-0000-0000-000000000001', 'e8acf911-3714-4bd7-8a3a-097117f21c60', '20000000-0000-0000-0000-000000000001', 1141);
INSERT INTO inventory.stock_levels (id, tenant_id, product_id, warehouse_id, qty_on_hand) VALUES ('7d4949f6-9ed3-41a7-8a78-be131e20e91c', 'a0000000-0000-0000-0000-000000000001', '6c9765a1-7fb4-4cc0-8f60-f13fec7aa988', '20000000-0000-0000-0000-000000000001', 14);
INSERT INTO inventory.stock_levels (id, tenant_id, product_id, warehouse_id, qty_on_hand) VALUES ('56947b11-0fa1-4bdc-8e0d-4e8c5b5a3bc0', 'a0000000-0000-0000-0000-000000000001', 'cec2cc24-e27e-4dc9-8700-c87b0ae7dabb', '20000000-0000-0000-0000-000000000001', 127);
INSERT INTO inventory.stock_levels (id, tenant_id, product_id, warehouse_id, qty_on_hand) VALUES ('deb43533-4aca-47f0-b929-e6e63b91e463', 'a0000000-0000-0000-0000-000000000001', 'c124288d-49c7-4ca8-b047-f9bb96d22404', '20000000-0000-0000-0000-000000000001', 20);
INSERT INTO inventory.stock_levels (id, tenant_id, product_id, warehouse_id, qty_on_hand) VALUES ('f0142f8c-b0b8-4510-9624-8d71cd8e9236', 'a0000000-0000-0000-0000-000000000001', '7d79ee10-c398-41ec-afb4-02cf5d5b1ef0', '20000000-0000-0000-0000-000000000001', 16);
INSERT INTO inventory.stock_levels (id, tenant_id, product_id, warehouse_id, qty_on_hand) VALUES ('4b9ad53d-8d7d-48f1-879d-b0813fc4ab0c', 'a0000000-0000-0000-0000-000000000001', '663692b2-103d-4dca-b0f2-e4adaf6ea19c', '20000000-0000-0000-0000-000000000001', 80);
INSERT INTO inventory.stock_levels (id, tenant_id, product_id, warehouse_id, qty_on_hand) VALUES ('009ebfb0-2278-420f-a5cf-5a9f7f0acd54', 'a0000000-0000-0000-0000-000000000001', '6e7b1959-f65c-427a-9c57-2641b63c4a2b', '20000000-0000-0000-0000-000000000001', 19);
INSERT INTO inventory.stock_levels (id, tenant_id, product_id, warehouse_id, qty_on_hand) VALUES ('3eb4f471-88f4-465f-bfee-8624addb246c', 'a0000000-0000-0000-0000-000000000001', 'e28d275e-62b6-48dd-a631-8a5da8640b5f', '20000000-0000-0000-0000-000000000001', 33);
INSERT INTO inventory.stock_levels (id, tenant_id, product_id, warehouse_id, qty_on_hand) VALUES ('07a96cd6-43e0-4a84-b53d-938a7ad40ab4', 'a0000000-0000-0000-0000-000000000001', '87805add-2e47-4ec5-8deb-92b4de24a688', '20000000-0000-0000-0000-000000000001', 13);
INSERT INTO inventory.stock_levels (id, tenant_id, product_id, warehouse_id, qty_on_hand) VALUES ('e64c419e-80ac-45d4-a942-224e635ad0b5', 'a0000000-0000-0000-0000-000000000001', '3d5303f5-58b0-4cc8-a8ca-4bff29c02ad3', '20000000-0000-0000-0000-000000000001', 47);
INSERT INTO inventory.stock_levels (id, tenant_id, product_id, warehouse_id, qty_on_hand) VALUES ('651377c6-76e1-4bfa-bdb6-fbb3c54845a1', 'a0000000-0000-0000-0000-000000000001', 'bea5069d-003a-4d9b-9a12-1b2cc204c0de', '20000000-0000-0000-0000-000000000001', 38);
INSERT INTO inventory.stock_levels (id, tenant_id, product_id, warehouse_id, qty_on_hand) VALUES ('c3eb2c0f-500f-482d-8359-29d8fb40eb04', 'a0000000-0000-0000-0000-000000000001', 'b5acc46a-1bec-4a7d-b32e-cfd4c52308c1', '20000000-0000-0000-0000-000000000001', 35);
INSERT INTO inventory.stock_levels (id, tenant_id, product_id, warehouse_id, qty_on_hand) VALUES ('86e37f42-c526-4a70-b527-470219810456', 'a0000000-0000-0000-0000-000000000001', '36b7f255-8e17-4953-a3d3-b5a211b8bae5', '20000000-0000-0000-0000-000000000001', 64);
INSERT INTO inventory.stock_levels (id, tenant_id, product_id, warehouse_id, qty_on_hand) VALUES ('8b9b8579-8b13-438b-9901-57ecc3557bf5', 'a0000000-0000-0000-0000-000000000001', 'a3799b6a-f9d5-40fc-aa8b-08777eda0521', '20000000-0000-0000-0000-000000000001', 82);
INSERT INTO inventory.stock_levels (id, tenant_id, product_id, warehouse_id, qty_on_hand) VALUES ('5fb656db-e338-42ab-8dba-aa44c69b9252', 'a0000000-0000-0000-0000-000000000001', '6618e55c-26e6-4866-98e6-589c7cb056c7', '20000000-0000-0000-0000-000000000001', 85);
INSERT INTO inventory.stock_levels (id, tenant_id, product_id, warehouse_id, qty_on_hand) VALUES ('8946a961-2504-4e89-a8bd-4b59ef9b2e1d', 'a0000000-0000-0000-0000-000000000001', 'b837feb5-7812-4a9e-9b92-6c6fa27cd17b', '20000000-0000-0000-0000-000000000001', 85);
INSERT INTO inventory.stock_levels (id, tenant_id, product_id, warehouse_id, qty_on_hand) VALUES ('1978d00f-346f-42a0-8156-dd2e885d43fa', 'a0000000-0000-0000-0000-000000000001', '3f707dd1-ebab-4709-a7bb-e480521cb7b8', '20000000-0000-0000-0000-000000000001', 95);
INSERT INTO inventory.stock_levels (id, tenant_id, product_id, warehouse_id, qty_on_hand) VALUES ('39392d16-9de1-4b68-91a3-21addcf3f603', 'a0000000-0000-0000-0000-000000000001', '013cf892-ac76-4d78-a052-c229db98fa6d', '20000000-0000-0000-0000-000000000001', 67);
INSERT INTO inventory.stock_levels (id, tenant_id, product_id, warehouse_id, qty_on_hand) VALUES ('f0c6aee7-4e4b-4efd-85aa-b333611efffc', 'a0000000-0000-0000-0000-000000000001', 'dfbf1f27-a288-46e4-bc36-438b2f7efb6f', '20000000-0000-0000-0000-000000000001', 125);
INSERT INTO inventory.stock_levels (id, tenant_id, product_id, warehouse_id, qty_on_hand) VALUES ('37072311-198d-4d01-9e32-d4dd7dd51783', 'a0000000-0000-0000-0000-000000000001', '5aa13b67-7e90-4bed-b727-882284ff3943', '20000000-0000-0000-0000-000000000001', 31);
INSERT INTO inventory.stock_levels (id, tenant_id, product_id, warehouse_id, qty_on_hand) VALUES ('d50e0fed-38bf-493e-b5a1-7a2d2f39795f', 'a0000000-0000-0000-0000-000000000001', '557eb23b-b621-4355-8abd-21f89666d9dc', '20000000-0000-0000-0000-000000000001', 29);
INSERT INTO inventory.stock_levels (id, tenant_id, product_id, warehouse_id, qty_on_hand) VALUES ('7b989143-e433-47fb-bb3a-9920e66e6b5d', 'a0000000-0000-0000-0000-000000000001', 'eef89c97-04a9-403b-b085-19a6a67797d0', '20000000-0000-0000-0000-000000000001', 1);
INSERT INTO inventory.stock_levels (id, tenant_id, product_id, warehouse_id, qty_on_hand) VALUES ('1fbdaef5-0d4d-4f29-ae7a-2f6242f28750', 'a0000000-0000-0000-0000-000000000001', '359b8dff-426d-474a-a015-92b2db7c9808', '20000000-0000-0000-0000-000000000001', 70);
INSERT INTO inventory.stock_levels (id, tenant_id, product_id, warehouse_id, qty_on_hand) VALUES ('a8357301-cacd-433e-b372-184301c9f013', 'a0000000-0000-0000-0000-000000000001', '6a29dfa7-cc43-4154-9fa2-c789f4e0459e', '20000000-0000-0000-0000-000000000001', 33);
INSERT INTO inventory.stock_levels (id, tenant_id, product_id, warehouse_id, qty_on_hand) VALUES ('33ba2fb7-0193-4a2c-b675-862c3925f6e0', 'a0000000-0000-0000-0000-000000000001', '244b65c2-2f9f-41e3-befb-6e3e9dedc2bb', '20000000-0000-0000-0000-000000000001', 29);
INSERT INTO inventory.stock_levels (id, tenant_id, product_id, warehouse_id, qty_on_hand) VALUES ('b1df2ef7-8ea2-4786-a3b8-c4b610b84325', 'a0000000-0000-0000-0000-000000000001', '76237bd0-9dfc-43a7-a64a-d030b66d2b10', '20000000-0000-0000-0000-000000000001', 12);
INSERT INTO inventory.stock_levels (id, tenant_id, product_id, warehouse_id, qty_on_hand) VALUES ('d9f59098-b3d6-41d3-8d5e-292eeea66dd4', 'a0000000-0000-0000-0000-000000000001', 'a9ab0b42-2fa6-47eb-90a7-fe08b221678f', '20000000-0000-0000-0000-000000000001', 7);
INSERT INTO inventory.stock_levels (id, tenant_id, product_id, warehouse_id, qty_on_hand) VALUES ('ba785018-90ad-4fe9-b59e-eb84acd99d83', 'a0000000-0000-0000-0000-000000000001', 'b385e61d-582f-4800-8252-d3a992749ad4', '20000000-0000-0000-0000-000000000001', 5);
INSERT INTO inventory.stock_levels (id, tenant_id, product_id, warehouse_id, qty_on_hand) VALUES ('976bdd9d-9397-49b4-8009-ca58ad5f20e1', 'a0000000-0000-0000-0000-000000000001', '21fb7aac-155a-46cc-91dd-5d88a66771dd', '20000000-0000-0000-0000-000000000001', 7);
INSERT INTO inventory.stock_levels (id, tenant_id, product_id, warehouse_id, qty_on_hand) VALUES ('21d90918-5314-49e5-b89b-b1b1e411d6b9', 'a0000000-0000-0000-0000-000000000001', '0bec84dc-205a-412b-8a15-6761372bccfc', '20000000-0000-0000-0000-000000000001', 1);
INSERT INTO inventory.stock_levels (id, tenant_id, product_id, warehouse_id, qty_on_hand) VALUES ('6c9e3958-8987-4113-b955-834cccff5adf', 'a0000000-0000-0000-0000-000000000001', '773de49c-3ac4-45e9-bdc4-0dcbd494ffbc', '20000000-0000-0000-0000-000000000001', 6);
INSERT INTO inventory.stock_levels (id, tenant_id, product_id, warehouse_id, qty_on_hand) VALUES ('5ba194c3-49ea-4bd2-b1b6-543d9b7f3c5a', 'a0000000-0000-0000-0000-000000000001', 'b535bc0c-417c-4c1c-bbea-aff5ae9d18d1', '20000000-0000-0000-0000-000000000001', 23);
INSERT INTO inventory.stock_levels (id, tenant_id, product_id, warehouse_id, qty_on_hand) VALUES ('03c7b43d-c3f6-4970-bf43-62de30852395', 'a0000000-0000-0000-0000-000000000001', '56830b50-86b8-47ab-8d7f-c8517009139d', '20000000-0000-0000-0000-000000000001', 8);
INSERT INTO inventory.stock_levels (id, tenant_id, product_id, warehouse_id, qty_on_hand) VALUES ('9b575e53-56eb-472b-8b73-dab4ddef4d63', 'a0000000-0000-0000-0000-000000000001', 'efa98238-a80f-468b-a854-907a9abcfd88', '20000000-0000-0000-0000-000000000001', 51);
INSERT INTO inventory.stock_levels (id, tenant_id, product_id, warehouse_id, qty_on_hand) VALUES ('25b07453-412f-42f6-933f-633e2541109c', 'a0000000-0000-0000-0000-000000000001', '7c209569-acb0-45ed-a877-dc487f2cdb81', '20000000-0000-0000-0000-000000000001', 44);
INSERT INTO inventory.stock_levels (id, tenant_id, product_id, warehouse_id, qty_on_hand) VALUES ('ca8a066b-6e87-4f7a-ad0c-1b6c05d56921', 'a0000000-0000-0000-0000-000000000001', 'd1f0b909-baf8-470a-9e7f-a9a5744a7aec', '20000000-0000-0000-0000-000000000001', 11);
INSERT INTO inventory.stock_levels (id, tenant_id, product_id, warehouse_id, qty_on_hand) VALUES ('835b04bd-1857-4ef3-bbed-60b8191d37d1', 'a0000000-0000-0000-0000-000000000001', '2440cbd6-73aa-43e7-b34e-c1e1c223fbf9', '20000000-0000-0000-0000-000000000001', 148);
INSERT INTO inventory.stock_levels (id, tenant_id, product_id, warehouse_id, qty_on_hand) VALUES ('1ce86d6e-a4ff-4d0c-b60a-9bb45347aea3', 'a0000000-0000-0000-0000-000000000001', '7755f1d6-d42d-4f7d-98be-0c6448ed058e', '20000000-0000-0000-0000-000000000001', 4);
INSERT INTO inventory.stock_levels (id, tenant_id, product_id, warehouse_id, qty_on_hand) VALUES ('781bf86c-7fc3-4b4f-a209-06e0cb86bd9c', 'a0000000-0000-0000-0000-000000000001', '0c36c3e1-7f52-46ea-a212-3f06735ffcad', '20000000-0000-0000-0000-000000000001', 27);
INSERT INTO inventory.stock_levels (id, tenant_id, product_id, warehouse_id, qty_on_hand) VALUES ('8fe0b724-ccfc-45dd-9cf7-ebc676de2c81', 'a0000000-0000-0000-0000-000000000001', '743a5044-6ed5-4b56-a732-8968fec3c464', '20000000-0000-0000-0000-000000000001', 2);
INSERT INTO inventory.stock_levels (id, tenant_id, product_id, warehouse_id, qty_on_hand) VALUES ('0313196f-2af7-4a81-8658-d66f3acc77b6', 'a0000000-0000-0000-0000-000000000001', '37a22333-3ddf-4c44-88b2-24c449cb765e', '20000000-0000-0000-0000-000000000001', 146);
INSERT INTO inventory.stock_levels (id, tenant_id, product_id, warehouse_id, qty_on_hand) VALUES ('12b0c451-b92c-42d5-917a-94820988f1ca', 'a0000000-0000-0000-0000-000000000001', '369c3d32-af3c-4fba-9e20-98e75ed62a00', '20000000-0000-0000-0000-000000000001', 49);
INSERT INTO inventory.stock_levels (id, tenant_id, product_id, warehouse_id, qty_on_hand) VALUES ('e3205ffd-44a0-4ea9-a7a4-7d2313204f7b', 'a0000000-0000-0000-0000-000000000001', '832dfd57-c0b3-4834-87ef-90b2a4eb620a', '20000000-0000-0000-0000-000000000001', 44);
INSERT INTO inventory.stock_levels (id, tenant_id, product_id, warehouse_id, qty_on_hand) VALUES ('a098165e-f3f9-44b4-b85e-1412045bf225', 'a0000000-0000-0000-0000-000000000001', 'abb2ff2e-1246-463a-8aa6-757c07d39949', '20000000-0000-0000-0000-000000000001', 7);
INSERT INTO inventory.stock_levels (id, tenant_id, product_id, warehouse_id, qty_on_hand) VALUES ('6be7cc87-3677-4823-a001-f079439d34d8', 'a0000000-0000-0000-0000-000000000001', '26418cbe-1b8d-42ca-9d39-908988d38105', '20000000-0000-0000-0000-000000000001', 59);
INSERT INTO inventory.stock_levels (id, tenant_id, product_id, warehouse_id, qty_on_hand) VALUES ('bbb0045d-0e7c-473c-a8e4-92f5feb0b1d2', 'a0000000-0000-0000-0000-000000000001', '90bde0b0-e886-42fd-b433-d57501d80f9b', '20000000-0000-0000-0000-000000000001', 22);
INSERT INTO inventory.stock_levels (id, tenant_id, product_id, warehouse_id, qty_on_hand) VALUES ('295d6212-ab72-44ec-9198-d438b8072c31', 'a0000000-0000-0000-0000-000000000001', '57d5d078-71bf-4e6e-a9d5-76cbc3fa0987', '20000000-0000-0000-0000-000000000001', 32);
INSERT INTO inventory.stock_levels (id, tenant_id, product_id, warehouse_id, qty_on_hand) VALUES ('84a97b62-20ca-4988-abaf-c130d62d8465', 'a0000000-0000-0000-0000-000000000001', 'f2dbb3af-ea84-4688-978a-b077abf4dd18', '20000000-0000-0000-0000-000000000001', 45);
INSERT INTO inventory.stock_levels (id, tenant_id, product_id, warehouse_id, qty_on_hand) VALUES ('1d3f383a-9cbc-43a0-8eff-b5ad295a34ff', 'a0000000-0000-0000-0000-000000000001', 'a0a78591-552a-4504-b78d-0d00ac2607a2', '20000000-0000-0000-0000-000000000001', 35);
INSERT INTO inventory.stock_levels (id, tenant_id, product_id, warehouse_id, qty_on_hand) VALUES ('30ad3a43-f3cc-4c82-996c-439c82015405', 'a0000000-0000-0000-0000-000000000001', 'ff0d1dc7-ba4f-4910-bef4-94ed00bbcd17', '20000000-0000-0000-0000-000000000001', 54);
INSERT INTO inventory.stock_levels (id, tenant_id, product_id, warehouse_id, qty_on_hand) VALUES ('50904479-361c-441e-b80b-7440fe6ff02c', 'a0000000-0000-0000-0000-000000000001', 'd6fe5dd3-8451-451a-b695-b1917bf6d17f', '20000000-0000-0000-0000-000000000001', 36);
INSERT INTO inventory.stock_levels (id, tenant_id, product_id, warehouse_id, qty_on_hand) VALUES ('7b9d4ddf-5b0b-432a-9721-030b6e08b6e6', 'a0000000-0000-0000-0000-000000000001', '90dffd1a-7a44-4929-a18e-da10ab69735b', '20000000-0000-0000-0000-000000000001', 3);
INSERT INTO inventory.stock_levels (id, tenant_id, product_id, warehouse_id, qty_on_hand) VALUES ('1fb3b318-b571-42f3-9ce2-2d15bfef0c94', 'a0000000-0000-0000-0000-000000000001', 'deb24361-84e5-4c91-9e55-d8cd2e076d58', '20000000-0000-0000-0000-000000000001', 2);
INSERT INTO inventory.stock_levels (id, tenant_id, product_id, warehouse_id, qty_on_hand) VALUES ('29ce8804-fd57-4157-b2c3-18757a1d8e92', 'a0000000-0000-0000-0000-000000000001', '05bc0209-0b03-4282-b7f5-da4290f99eb4', '20000000-0000-0000-0000-000000000001', 2);
INSERT INTO inventory.stock_levels (id, tenant_id, product_id, warehouse_id, qty_on_hand) VALUES ('67a84536-5896-4628-84e8-77743e646f0a', 'a0000000-0000-0000-0000-000000000001', '2cb94a82-62c8-4fb8-bdba-d80c4d291611', '20000000-0000-0000-0000-000000000001', 1);
INSERT INTO inventory.stock_levels (id, tenant_id, product_id, warehouse_id, qty_on_hand) VALUES ('c44ab025-b882-44c3-a02f-8fe0c94d8eaa', 'a0000000-0000-0000-0000-000000000001', '2d63c535-79b0-4c2d-a60f-4c26acaf0882', '20000000-0000-0000-0000-000000000001', 3);
INSERT INTO inventory.stock_levels (id, tenant_id, product_id, warehouse_id, qty_on_hand) VALUES ('dc2a3202-0b98-4af5-847d-73f95af0ea79', 'a0000000-0000-0000-0000-000000000001', '17efdee8-d5bc-4be0-9bfb-03609c3d23c8', '20000000-0000-0000-0000-000000000001', 75);
INSERT INTO inventory.stock_levels (id, tenant_id, product_id, warehouse_id, qty_on_hand) VALUES ('3266291b-2349-47ac-b0d2-64386d0a1b52', 'a0000000-0000-0000-0000-000000000001', 'b28849dc-e7b1-485c-8fae-8b86c3ae44c6', '20000000-0000-0000-0000-000000000001', 49);
INSERT INTO inventory.stock_levels (id, tenant_id, product_id, warehouse_id, qty_on_hand) VALUES ('473e316a-4e67-40ff-8c29-7cdf63ae1747', 'a0000000-0000-0000-0000-000000000001', 'c8e62cc1-5036-46cf-b06f-9fde54c4990c', '20000000-0000-0000-0000-000000000001', 170);
INSERT INTO inventory.stock_levels (id, tenant_id, product_id, warehouse_id, qty_on_hand) VALUES ('83f97f7e-75ab-4f85-90fb-312d8da07532', 'a0000000-0000-0000-0000-000000000001', 'e9dfff17-ae3b-491d-8e46-2befeaaff2c6', '20000000-0000-0000-0000-000000000001', 121);
INSERT INTO inventory.stock_levels (id, tenant_id, product_id, warehouse_id, qty_on_hand) VALUES ('987d4861-c9d1-4a19-8c1e-322f97fe54a2', 'a0000000-0000-0000-0000-000000000001', '2d887a62-972c-4238-88c4-06ff8f101a44', '20000000-0000-0000-0000-000000000001', 121);
INSERT INTO inventory.stock_levels (id, tenant_id, product_id, warehouse_id, qty_on_hand) VALUES ('c459cf44-172e-4798-a55e-4a4e56a28f57', 'a0000000-0000-0000-0000-000000000001', '0482c76d-0cc9-485e-b2b1-db638044ad6d', '20000000-0000-0000-0000-000000000001', 413);
INSERT INTO inventory.stock_levels (id, tenant_id, product_id, warehouse_id, qty_on_hand) VALUES ('b15a3d5d-961f-482c-89e7-f5c9f902d588', 'a0000000-0000-0000-0000-000000000001', '7702e761-91a9-4fd1-b25e-53bb2a6929c2', '20000000-0000-0000-0000-000000000001', 18);
INSERT INTO inventory.stock_levels (id, tenant_id, product_id, warehouse_id, qty_on_hand) VALUES ('3eaf450a-4485-49ee-89a5-ef8e60886c5b', 'a0000000-0000-0000-0000-000000000001', '4079acf9-2931-4b63-8e83-5ae8c142ad66', '20000000-0000-0000-0000-000000000001', 149);
INSERT INTO inventory.stock_levels (id, tenant_id, product_id, warehouse_id, qty_on_hand) VALUES ('5df551a0-101d-4cd7-87b8-ca2e20b9993a', 'a0000000-0000-0000-0000-000000000001', '92b25c6f-c21c-42d4-b9cc-d22f64125df1', '20000000-0000-0000-0000-000000000001', 95);
INSERT INTO inventory.stock_levels (id, tenant_id, product_id, warehouse_id, qty_on_hand) VALUES ('edb0caf3-d237-46f2-a170-3766b2f5b58c', 'a0000000-0000-0000-0000-000000000001', '7c915ab3-7e47-4cac-b3cb-44da43d8e891', '20000000-0000-0000-0000-000000000001', 149);
INSERT INTO inventory.stock_levels (id, tenant_id, product_id, warehouse_id, qty_on_hand) VALUES ('c03a95bf-dadd-4d12-8227-b563347444bb', 'a0000000-0000-0000-0000-000000000001', '8b0f1953-3844-43a9-8351-6089a8e189bd', '20000000-0000-0000-0000-000000000001', 154);
INSERT INTO inventory.stock_levels (id, tenant_id, product_id, warehouse_id, qty_on_hand) VALUES ('ed01e942-fde8-45ab-962e-6e69a33f8b49', 'a0000000-0000-0000-0000-000000000001', '9c33a700-391e-4df9-8636-8a0308b560d9', '20000000-0000-0000-0000-000000000001', 50);
INSERT INTO inventory.stock_levels (id, tenant_id, product_id, warehouse_id, qty_on_hand) VALUES ('59b992f9-a3ae-4573-a2d7-3fa3dc31dcf4', 'a0000000-0000-0000-0000-000000000001', '19be23ac-cafc-4920-af0c-9310377d4405', '20000000-0000-0000-0000-000000000001', 3);
INSERT INTO inventory.stock_levels (id, tenant_id, product_id, warehouse_id, qty_on_hand) VALUES ('2b7648dd-00e7-44e3-b109-79728d7ce9bf', 'a0000000-0000-0000-0000-000000000001', '6b8859b3-34c6-4b1c-9d4c-62ab473e83bb', '20000000-0000-0000-0000-000000000001', 1);
INSERT INTO inventory.stock_levels (id, tenant_id, product_id, warehouse_id, qty_on_hand) VALUES ('e15cc3e0-a5ff-4f37-aa5e-74f5ade9ece0', 'a0000000-0000-0000-0000-000000000001', '5bc094d5-e907-433f-9a12-ad267a799a87', '20000000-0000-0000-0000-000000000001', 5);
INSERT INTO inventory.stock_levels (id, tenant_id, product_id, warehouse_id, qty_on_hand) VALUES ('9a5e188b-37d7-40e1-918b-9ab8842e530d', 'a0000000-0000-0000-0000-000000000001', '42fbe0e2-e689-4cf6-bf6f-a91c817aa68c', '20000000-0000-0000-0000-000000000001', 1);
INSERT INTO inventory.stock_levels (id, tenant_id, product_id, warehouse_id, qty_on_hand) VALUES ('9a334570-11b3-465b-bd72-2e1d61dd8d9b', 'a0000000-0000-0000-0000-000000000001', 'f3e894fa-4b4a-4d9f-abfc-1f7426eebca7', '20000000-0000-0000-0000-000000000001', 1);
INSERT INTO inventory.stock_levels (id, tenant_id, product_id, warehouse_id, qty_on_hand) VALUES ('26a1f36c-ccd9-4b50-8ba1-32573f9d23ce', 'a0000000-0000-0000-0000-000000000001', '6caf6074-0eb0-4d56-8c64-1a469110d745', '20000000-0000-0000-0000-000000000001', 7);
INSERT INTO inventory.stock_levels (id, tenant_id, product_id, warehouse_id, qty_on_hand) VALUES ('6bdcb7ab-06b4-47f5-92d1-66181dc7a6ea', 'a0000000-0000-0000-0000-000000000001', '0c1881c0-9f74-48ee-8628-401e4b813d73', '20000000-0000-0000-0000-000000000001', 6);
INSERT INTO inventory.stock_levels (id, tenant_id, product_id, warehouse_id, qty_on_hand) VALUES ('0e729980-8dc1-48b5-8845-08bc67e30f5c', 'a0000000-0000-0000-0000-000000000001', '502adc25-c423-44e4-bd46-51467db84c51', '20000000-0000-0000-0000-000000000001', 3);
INSERT INTO inventory.stock_levels (id, tenant_id, product_id, warehouse_id, qty_on_hand) VALUES ('e24113bd-94fe-471d-824b-8593f4198a79', 'a0000000-0000-0000-0000-000000000001', 'd28e3e3e-f1a0-487d-b41b-6af3265c51f8', '20000000-0000-0000-0000-000000000001', 1);
INSERT INTO inventory.stock_levels (id, tenant_id, product_id, warehouse_id, qty_on_hand) VALUES ('74d7a2b3-fbf4-466b-9de9-26ae699604c2', 'a0000000-0000-0000-0000-000000000001', 'e68506b4-4913-4b8f-85e8-68b4d9d43f35', '20000000-0000-0000-0000-000000000001', 8);
INSERT INTO inventory.stock_levels (id, tenant_id, product_id, warehouse_id, qty_on_hand) VALUES ('271666e1-ddb3-43e4-af0b-ae84683438b1', 'a0000000-0000-0000-0000-000000000001', '75aa7215-5c2d-42ab-b189-c0fa00c54f15', '20000000-0000-0000-0000-000000000001', 4);
INSERT INTO inventory.stock_levels (id, tenant_id, product_id, warehouse_id, qty_on_hand) VALUES ('67d71073-cf51-4873-b772-5bc69bada81a', 'a0000000-0000-0000-0000-000000000001', '5b4aaa89-19ba-4ba4-a8e0-383dbf054ed7', '20000000-0000-0000-0000-000000000001', 4);
INSERT INTO inventory.stock_levels (id, tenant_id, product_id, warehouse_id, qty_on_hand) VALUES ('3639e53f-5a2f-475f-8ca9-eb8f143b1a61', 'a0000000-0000-0000-0000-000000000001', '2f527acd-0278-4bf2-9454-3e6df1cada8c', '20000000-0000-0000-0000-000000000001', 4);
INSERT INTO inventory.stock_levels (id, tenant_id, product_id, warehouse_id, qty_on_hand) VALUES ('344ea409-d462-4d69-827b-f34258db9759', 'a0000000-0000-0000-0000-000000000001', '2b5a371c-30ad-4152-89c8-f31e3efd4ba4', '20000000-0000-0000-0000-000000000001', 4);
INSERT INTO inventory.stock_levels (id, tenant_id, product_id, warehouse_id, qty_on_hand) VALUES ('a4fdb756-4036-44b4-96c2-bd50f8d289d2', 'a0000000-0000-0000-0000-000000000001', '38427ab1-c5ba-4a01-ba83-1a2b91f37b98', '20000000-0000-0000-0000-000000000001', 2);
INSERT INTO inventory.stock_levels (id, tenant_id, product_id, warehouse_id, qty_on_hand) VALUES ('4f0e7b85-e422-4287-85d3-dfb005ee892e', 'a0000000-0000-0000-0000-000000000001', '9da72235-7c13-4c64-9406-8231ec045950', '20000000-0000-0000-0000-000000000001', 1);
INSERT INTO inventory.stock_levels (id, tenant_id, product_id, warehouse_id, qty_on_hand) VALUES ('04c36b07-c92d-432a-a0f3-f2c5f6688570', 'a0000000-0000-0000-0000-000000000001', '1db6f911-67de-4358-88d4-2e91aff39807', '20000000-0000-0000-0000-000000000001', 2);
INSERT INTO inventory.stock_levels (id, tenant_id, product_id, warehouse_id, qty_on_hand) VALUES ('0673a1c6-4753-4def-a239-8c9ce876e9f7', 'a0000000-0000-0000-0000-000000000001', 'ea510ec9-f823-4591-872b-794f54f6d0ac', '20000000-0000-0000-0000-000000000001', 1);
INSERT INTO inventory.stock_levels (id, tenant_id, product_id, warehouse_id, qty_on_hand) VALUES ('15b872a5-f51c-48b5-a4d9-cd3e07b65e1e', 'a0000000-0000-0000-0000-000000000001', '47613af6-b150-4b18-9018-f51657704993', '20000000-0000-0000-0000-000000000001', 14);
INSERT INTO inventory.stock_levels (id, tenant_id, product_id, warehouse_id, qty_on_hand) VALUES ('309a807d-834d-4154-aaa0-c830043e5af6', 'a0000000-0000-0000-0000-000000000001', '03d56440-ef5e-48b7-beca-36e700d068ce', '20000000-0000-0000-0000-000000000001', 158);
INSERT INTO inventory.stock_levels (id, tenant_id, product_id, warehouse_id, qty_on_hand) VALUES ('a08861b5-b52f-489f-92d3-f2180af872cb', 'a0000000-0000-0000-0000-000000000001', '4c1ab7ba-36cb-41a6-8bb3-f78dc8763e8a', '20000000-0000-0000-0000-000000000001', 48);
INSERT INTO inventory.stock_levels (id, tenant_id, product_id, warehouse_id, qty_on_hand) VALUES ('7fc4b935-026c-464a-bdf1-46f3114b86bb', 'a0000000-0000-0000-0000-000000000001', '7dddcd4f-6a17-4f0f-b29b-6cf9ef0dd483', '20000000-0000-0000-0000-000000000001', 3);
INSERT INTO inventory.stock_levels (id, tenant_id, product_id, warehouse_id, qty_on_hand) VALUES ('31680e29-ab97-4121-aed4-63a9b9516b6d', 'a0000000-0000-0000-0000-000000000001', 'f2ad85ab-eb08-4cd6-994c-f6c1bc9daeaa', '20000000-0000-0000-0000-000000000001', 59);
INSERT INTO inventory.stock_levels (id, tenant_id, product_id, warehouse_id, qty_on_hand) VALUES ('49223ff2-7f41-4032-a93e-9a24f1375ec6', 'a0000000-0000-0000-0000-000000000001', '1c2e97ce-0742-4e93-b279-1b3ea088f9d5', '20000000-0000-0000-0000-000000000001', 148);
INSERT INTO inventory.stock_levels (id, tenant_id, product_id, warehouse_id, qty_on_hand) VALUES ('92f098ad-55f0-4b2b-ab4b-544e8d106306', 'a0000000-0000-0000-0000-000000000001', '127659da-ea6d-458f-888f-7bf2ee2481e1', '20000000-0000-0000-0000-000000000001', 113);
INSERT INTO inventory.stock_levels (id, tenant_id, product_id, warehouse_id, qty_on_hand) VALUES ('17fc5c76-fd60-4fb1-a725-0b8376b1ad1f', 'a0000000-0000-0000-0000-000000000001', '1ba5118a-045c-4a51-ba2a-1c79b7e7026b', '20000000-0000-0000-0000-000000000001', 13);
INSERT INTO inventory.stock_levels (id, tenant_id, product_id, warehouse_id, qty_on_hand) VALUES ('ee39889e-a776-4a99-9bc9-0c4b129f055b', 'a0000000-0000-0000-0000-000000000001', '13f59de8-54c3-4491-bcf9-eaab3e107a72', '20000000-0000-0000-0000-000000000001', 58);
INSERT INTO inventory.stock_levels (id, tenant_id, product_id, warehouse_id, qty_on_hand) VALUES ('cc2bbb7b-2bbe-4695-9ae6-cf2465bf0d73', 'a0000000-0000-0000-0000-000000000001', '162e921d-5220-4df4-b05a-99ade307f16d', '20000000-0000-0000-0000-000000000001', 39);
INSERT INTO inventory.stock_levels (id, tenant_id, product_id, warehouse_id, qty_on_hand) VALUES ('d0205ce9-cacf-4091-8e67-137b4e62042b', 'a0000000-0000-0000-0000-000000000001', '08c901fd-abb9-4523-8411-1e2455697702', '20000000-0000-0000-0000-000000000001', 134);
INSERT INTO inventory.stock_levels (id, tenant_id, product_id, warehouse_id, qty_on_hand) VALUES ('37b07f13-34ac-4723-8a2f-f815ed3748cb', 'a0000000-0000-0000-0000-000000000001', 'a624cc48-a031-4877-9886-0e92861faa29', '20000000-0000-0000-0000-000000000001', 21);
INSERT INTO inventory.stock_levels (id, tenant_id, product_id, warehouse_id, qty_on_hand) VALUES ('37579527-ed2b-432a-8487-7798929baabd', 'a0000000-0000-0000-0000-000000000001', '1a7e6980-22ed-4e3d-9e9d-81811c0107b8', '20000000-0000-0000-0000-000000000001', 352);
INSERT INTO inventory.stock_levels (id, tenant_id, product_id, warehouse_id, qty_on_hand) VALUES ('600c84e5-7ee3-4d04-b4c4-bfd5ebac9c96', 'a0000000-0000-0000-0000-000000000001', 'b47b7b19-4100-4a08-8a5f-9fe5682ff9bc', '20000000-0000-0000-0000-000000000001', 450);
INSERT INTO inventory.stock_levels (id, tenant_id, product_id, warehouse_id, qty_on_hand) VALUES ('144ce07f-08d5-4e19-8d99-4c18f836dfde', 'a0000000-0000-0000-0000-000000000001', '44182832-c131-43cd-9171-fdf349e2a407', '20000000-0000-0000-0000-000000000001', 1);
INSERT INTO inventory.stock_levels (id, tenant_id, product_id, warehouse_id, qty_on_hand) VALUES ('bd754503-7585-4a3e-857d-30a62587f738', 'a0000000-0000-0000-0000-000000000001', 'cffed416-b7b0-4936-82d2-2ce35d0cce66', '20000000-0000-0000-0000-000000000001', 90);
INSERT INTO inventory.stock_levels (id, tenant_id, product_id, warehouse_id, qty_on_hand) VALUES ('74d562b4-8c86-4526-b8b6-4a248a1a370b', 'a0000000-0000-0000-0000-000000000001', '8d829fb7-a716-4ed9-8bd6-d8f743587b05', '20000000-0000-0000-0000-000000000001', 1);
INSERT INTO inventory.stock_levels (id, tenant_id, product_id, warehouse_id, qty_on_hand) VALUES ('02e2e92e-87af-4278-9b16-f1099bb745b3', 'a0000000-0000-0000-0000-000000000001', 'f9164c29-d8d5-4c7e-b7fe-bbf43b461478', '20000000-0000-0000-0000-000000000001', 59);
INSERT INTO inventory.stock_levels (id, tenant_id, product_id, warehouse_id, qty_on_hand) VALUES ('7164e1a0-792e-447a-9471-10821721a36b', 'a0000000-0000-0000-0000-000000000001', 'd92b8adb-fed6-478c-8cc7-8d4c4f1d0661', '20000000-0000-0000-0000-000000000001', 39);
INSERT INTO inventory.stock_levels (id, tenant_id, product_id, warehouse_id, qty_on_hand) VALUES ('c4666acd-4078-4621-aa96-e4e593309766', 'a0000000-0000-0000-0000-000000000001', 'ddf496fb-54aa-4339-b72f-ac6ab025a748', '20000000-0000-0000-0000-000000000001', 25);
INSERT INTO inventory.stock_levels (id, tenant_id, product_id, warehouse_id, qty_on_hand) VALUES ('baf4d1f0-711b-447d-bf69-38065833efa6', 'a0000000-0000-0000-0000-000000000001', 'aacb8ff2-a42a-4012-b98f-fec47b4f8a10', '20000000-0000-0000-0000-000000000001', 44);
INSERT INTO inventory.stock_levels (id, tenant_id, product_id, warehouse_id, qty_on_hand) VALUES ('1eda7fdc-baf1-49c1-b3ad-779b869f87fb', 'a0000000-0000-0000-0000-000000000001', '1d3fc3a6-9651-4fd2-a7cc-406a030727ff', '20000000-0000-0000-0000-000000000001', 36);
INSERT INTO inventory.stock_levels (id, tenant_id, product_id, warehouse_id, qty_on_hand) VALUES ('2b292475-e9e2-472a-a821-16509329ea16', 'a0000000-0000-0000-0000-000000000001', 'c8826704-eef9-4239-a836-23670764da22', '20000000-0000-0000-0000-000000000001', 5);
INSERT INTO inventory.stock_levels (id, tenant_id, product_id, warehouse_id, qty_on_hand) VALUES ('480d63ad-524d-408b-8e16-100bb92f8230', 'a0000000-0000-0000-0000-000000000001', '9e55e3d0-fc4a-46d5-acee-cc222568fbf9', '20000000-0000-0000-0000-000000000001', 50);
INSERT INTO inventory.stock_levels (id, tenant_id, product_id, warehouse_id, qty_on_hand) VALUES ('62dc1153-5645-4559-8e02-6d58633cfb76', 'a0000000-0000-0000-0000-000000000001', '13fd2812-165f-4880-98d3-da195a940e78', '20000000-0000-0000-0000-000000000001', 10);
INSERT INTO inventory.stock_levels (id, tenant_id, product_id, warehouse_id, qty_on_hand) VALUES ('891bd089-3b87-47ba-a576-e10f97af577d', 'a0000000-0000-0000-0000-000000000001', 'dcf3a2ae-a9e0-4a01-8695-d7d150032076', '20000000-0000-0000-0000-000000000001', 2);
INSERT INTO inventory.stock_levels (id, tenant_id, product_id, warehouse_id, qty_on_hand) VALUES ('91ab13bc-62e6-47fc-8122-8b278c0dd954', 'a0000000-0000-0000-0000-000000000001', '815d097b-ea90-4d55-bcec-1aeba8c2a34c', '20000000-0000-0000-0000-000000000001', 2);
INSERT INTO inventory.stock_levels (id, tenant_id, product_id, warehouse_id, qty_on_hand) VALUES ('fbb03311-2062-450c-a641-d1d08d51ab1a', 'a0000000-0000-0000-0000-000000000001', '92b1baca-b175-4906-a8f7-6cb4074c7978', '20000000-0000-0000-0000-000000000001', 3);
INSERT INTO inventory.stock_levels (id, tenant_id, product_id, warehouse_id, qty_on_hand) VALUES ('36f8cc87-ccbe-4b28-bf21-175a01230181', 'a0000000-0000-0000-0000-000000000001', '03425518-1034-43f8-b153-7c94effc026b', '20000000-0000-0000-0000-000000000001', 19);
INSERT INTO inventory.stock_levels (id, tenant_id, product_id, warehouse_id, qty_on_hand) VALUES ('99c5ba8d-3ab4-49f3-bda2-2bd5c6f76977', 'a0000000-0000-0000-0000-000000000001', 'cef29b86-78bf-4939-80da-66fee99c5b7d', '20000000-0000-0000-0000-000000000001', 3);
INSERT INTO inventory.stock_levels (id, tenant_id, product_id, warehouse_id, qty_on_hand) VALUES ('e98a4106-ef16-4dd2-a608-de1cc90d782a', 'a0000000-0000-0000-0000-000000000001', 'f25a1728-620a-438c-b820-3e7daf83e5e5', '20000000-0000-0000-0000-000000000001', 1);
INSERT INTO inventory.stock_levels (id, tenant_id, product_id, warehouse_id, qty_on_hand) VALUES ('0caed40a-4f99-4520-bf3e-0ed9bbec4f70', 'a0000000-0000-0000-0000-000000000001', 'f67373a4-4533-4634-a49c-a1d1d060d56d', '20000000-0000-0000-0000-000000000001', 4);

-- Step 5: Stock count record
INSERT INTO inventory.stock_counts (id, tenant_id, count_number, warehouse_id, count_date, status, notes) VALUES ('ed3eea06-ba38-4103-a9bf-1c6b2f355ee4', 'a0000000-0000-0000-0000-000000000001', 'SC-20260604-001', '20000000-0000-0000-0000-000000000001', '2026-06-04', 'completed', 'Physical Stock Take 04/06/2026 - 160 products');